~,pda_encyclopedia_name,st_data_export_disassemble_amount,st_data_export_disassemble_item,st_data_export_disassemble_amount,st_data_export_disassemble_item,st_data_export_disassemble_amount,st_data_export_disassemble_item,st_data_export_disassemble_amount,st_data_export_disassemble_item,st_data_export_disassemble_amount,st_data_export_disassemble_item,st_data_export_disassemble_amount,st_data_export_disassemble_item,st_data_export_disassemble_amount,st_data_export_disassemble_item,st_data_export_disassemble_amount,st_data_export_disassemble_item,st_data_export_disassemble_amount,st_data_export_disassemble_item,st_data_export_disassemble_amount,st_data_export_disassemble_item
bandage,st_bandage,1 st_data_export_from,st_jgut_zhgut,1 st_data_export_from,st_medkit_army,1 st_data_export_from,st_survival_kit,1 st_data_export_from,st_medkit_science
duct_tape,st_duct_tape,2 st_data_export_from,st_armor_repair_fa
e0t2,st_addon_scope_e0t2,1 st_data_export_from,st_addon_scope_e0t2_mag
e_syringe,st_e_syringe,3 st_data_export_from,st_itm_drugkit,2 st_data_export_from,st_medkit_science,2 st_data_export_from,st_medkit,2 st_data_export_from,st_stim_scientic,1 st_data_export_from,st_analgetic,1 st_data_export_from,st_stim_impro,1 st_data_export_from,st_rebirth,1 st_data_export_from,st_survival_kit,1 st_data_export_from,st_salicidic_acid,1 st_data_export_from,st_stim_military,1 st_data_export_from,st_tetanus,1 st_data_export_from,st_glucose_s,1 st_data_export_from,st_medkit_army,1 st_data_export_from,st_adrenalin,1 st_data_export_from,st_morphine,1 st_data_export_from,st_glucose
jar,st_jar,1 st_data_export_from,st_grease,1 st_data_export_from,st_glue_a,1 st_data_export_from,st_yadylin,1 st_data_export_from,st_gun_oil_ru,1 st_data_export_from,st_drug_booster,1 st_data_export_from,st_glue_b,1 st_data_export_from,st_solvent,1 st_data_export_from,st_glue_e
magnifier,st_addon_scope_mag,1 st_data_export_from,st_addon_scope_e0t2_mag,1 st_data_export_from,st_addon_scope_razor_mag
medkit_ai1,st_medkit_ai1,1 st_data_export_from,st_itm_drugkit
medkit_army,st_medkit_army,1 st_data_export_from,st_survival_kit
powder_1,st_powder_pistol,3 st_data_export_from,st_metalcan_powder
powder_2,st_powder_rifle,3 st_data_export_from,st_metalcan_powder
powder_3,st_powder_mag,2 st_data_export_from,st_metalcan_powder
prt_i_capacitors,st_prt_i_capacitors,4 st_data_export_from,st_detector4,3 st_data_export_from,st_af_aam_name,3 st_data_export_from,st_pda_2_name,3 st_data_export_from,st_detector2,2 st_data_export_from,st_detector8,2 st_data_export_from,st_pda_3_name,2 st_data_export_from,st_geiger_dead,2 st_data_export_from,st_af_aac_name,2 st_data_export_from,st_detector3,2 st_data_export_from,st_device_torch_nv_2_name,2 st_data_export_from,st_pda_1_name,2 st_data_export_from,st_device_torch_nv_1_name,2 st_data_export_from,st_detector1,2 st_data_export_from,st_detector9,2 st_data_export_from,st_af_iam_name,1 st_data_export_from,st_device_torch_nv_3_name,1 st_data_export_from,st_pda_name,1 st_data_export_from,st_device_torch_name,1 st_data_export_from,st_binocular_name,1 st_data_export_from,st_pda_name,1 st_data_export_from,st_binocular_name,1 st_data_export_from,st_pda_name,1 st_data_export_from,st_broken_detector,1 st_data_export_from,st_flashlight_broken,1 st_data_export_from,st_radio2,1 st_data_export_from,st_device_flashlight
prt_i_copper,st_prt_i_copper,2 st_data_export_from,st_af_aam_name,1 st_data_export_from,st_headlamp,1 st_data_export_from,st_pda_2_name,1 st_data_export_from,st_device_torch_nv_3_name,1 st_data_export_from,st_detector8,1 st_data_export_from,st_pda_3_name,1 st_data_export_from,st_pda_name,1 st_data_export_from,st_pda_name,1 st_data_export_from,st_pda_name,1 st_data_export_from,st_device_flashlight,1 st_data_export_from,st_af_iam_name,1 st_data_export_from,st_device_torch_nv_1_name,1 st_data_export_from,st_pda_1_name,1 st_data_export_from,st_device_torch_nv_2_name,1 st_data_export_from,st_detector9,1 st_data_export_from,st_detector1,1 st_data_export_from,st_geiger_dead,1 st_data_export_from,st_af_aac_name,1 st_data_export_from,st_radio2,1 st_data_export_from,st_device_torch_name
prt_i_fasteners,st_prt_i_fasteners,2 st_data_export_from,st_prt_o_support_1,2 st_data_export_from,st_af_grid_up_name,2 st_data_export_from,st_af_surge_up_name,2 st_data_export_from,st_af_plates_up_name,2 st_data_export_from,st_cooking,2 st_data_export_from,st_af_cooler_up_name,2 st_data_export_from,st_af_frames_up_name,2 st_data_export_from,st_lead_box_name,1 st_data_export_from,st_hand_watch,1 st_data_export_from,st_broken_detector,1 st_data_export_from,st_binocular_name,1 st_data_export_from,st_detector4,1 st_data_export_from,st_headlamp,1 st_data_export_from,st_af_surge_name,1 st_data_export_from,st_exolight_repair_kit,1 st_data_export_from,st_detector9,1 st_data_export_from,st_pda_name,1 st_data_export_from,st_af_grid_name,1 st_data_export_from,st_pda_name,1 st_data_export_from,st_pda_name,1 st_data_export_from,st_af_frames_name,1 st_data_export_from,st_detector2,1 st_data_export_from,st_radio,1 st_data_export_from,st_af_plates_name,1 st_data_export_from,st_pda_1_name,1 st_data_export_from,st_balon_gas,1 st_data_export_from,st_mirror,1 st_data_export_from,st_detector3,1 st_data_export_from,st_binocular_name,1 st_data_export_from,st_walkie,1 st_data_export_from,st_pda_2_name,1 st_data_export_from,st_pda_3_name,1 st_data_export_from,st_geiger_dead,1 st_data_export_from,st_af_cooler_name,1 st_data_export_from,st_exo_repair_kit,1 st_data_export_from,st_detector1,1 st_data_export_from,st_device_flashlight,1 st_data_export_from,st_mine_name,1 st_data_export_from,st_detector8
prt_i_paper,st_prt_i_paper,6 st_data_export_from,st_porn2,6 st_data_export_from,st_porn,3 st_data_export_from,st_ecologist_report_1_of_3_name,3 st_data_export_from,st_ecologist_report_2_of_3_name,3 st_data_export_from,st_ecologist_report_3_of_3_name,3 st_data_export_from,st_itm_mapkit_2,3 st_data_export_from,st_itm_mapkit_8,3 st_data_export_from,st_itm_mapkit_5,3 st_data_export_from,st_itm_mapkit_6,3 st_data_export_from,st_itm_mapkit_1,3 st_data_export_from,st_itm_mapkit_7,3 st_data_export_from,st_itm_mapkit_4,3 st_data_export_from,st_itm_mapkit_9,3 st_data_export_from,st_itm_mapkit_3,2 st_data_export_from,st_itm_drugkit,1 st_data_export_from,st_gamma_recipe_expert_3,1 st_data_export_from,st_stalker_letter_1_of_2_name,1 st_data_export_from,st_gamma_recipe_advanced_3,1 st_data_export_from,st_gamma_recipe_advanced_4,1 st_data_export_from,st_freedom_manual_1_of_2_name,1 st_data_export_from,st_letter_to_outside_name,1 st_data_export_from,st_gamma_recipe_advanced_1,1 st_data_export_from,st_letter_military_log_name,1 st_data_export_from,st_freedom_manual_1_of_2_name,1 st_data_export_from,st_recipe_drug_3,1 st_data_export_from,st_medkit,1 st_data_export_from,st_gamma_recipe_basic_4,1 st_data_export_from,st_monolith_prayer_2_of_3_name,1 st_data_export_from,st_memoirs_1_of_2_name,1 st_data_export_from,st_letter_stalker_letter_3_name,1 st_data_export_from,st_letter_military_stalker_name,1 st_data_export_from,st_stalker_letter_2_of_2_name,1 st_data_export_from,st_gamma_recipe_expert_4,1 st_data_export_from,st_letter_mercenary_name,1 st_data_export_from,st_gamma_recipe_expert_1,1 st_data_export_from,st_gamma_recipe_basic_1,1 st_data_export_from,st_monolithian_thoughts_name,1 st_data_export_from,st_gamma_recipe_basic_3,1 st_data_export_from,st_monolith_prayer_3_of_3_name,1 st_data_export_from,st_survival_kit,1 st_data_export_from,st_gamma_recipe_expert_2,1 st_data_export_from,st_gamma_recipe_advanced_2,1 st_data_export_from,st_meinkampf,1 st_data_export_from,st_recipe_drug_1,1 st_data_export_from,st_recipe_drug_4,1 st_data_export_from,st_memoirs_2_of_2_name,1 st_data_export_from,st_recipe_drug_2,1 st_data_export_from,st_monolith_prayer_1_of_3_name,1 st_data_export_from,st_gamma_recipe_basic_2
prt_i_plastic,st_prt_i_plastic,4 st_data_export_from,st_itm_drugkit,2 st_data_export_from,st_device_glowstick_red,2 st_data_export_from,st_medkit_science,2 st_data_export_from,st_device_glowstick_orange,2 st_data_export_from,st_tarpaulin,2 st_data_export_from,st_af_freon_up_name,2 st_data_export_from,st_device_glowstick,2 st_data_export_from,st_device_glowstick_blue,2 st_data_export_from,st_medkit_army,1 st_data_export_from,st_af_freon_name,1 st_data_export_from,st_stim_scientic,1 st_data_export_from,st_stim_military,1 st_data_export_from,st_survival_kit,1 st_data_export_from,st_stim_impro
prt_i_resistors,st_prt_i_resistors,4 st_data_export_from,st_detector4,3 st_data_export_from,st_af_aam_name,2 st_data_export_from,st_af_surge_up_name,2 st_data_export_from,st_detector9,2 st_data_export_from,st_af_aac_name,2 st_data_export_from,st_detector3,2 st_data_export_from,st_pda_1_name,2 st_data_export_from,st_geiger_dead,2 st_data_export_from,st_pda_3_name,2 st_data_export_from,st_detector8,2 st_data_export_from,st_device_torch_nv_3_name,2 st_data_export_from,st_pda_2_name,2 st_data_export_from,st_detector2,1 st_data_export_from,st_af_iam_name,1 st_data_export_from,st_pda_name,1 st_data_export_from,st_binocular_name,1 st_data_export_from,st_device_flashlight,1 st_data_export_from,st_broken_detector,1 st_data_export_from,st_flashlight_broken,1 st_data_export_from,st_walkie,1 st_data_export_from,st_af_surge_name,1 st_data_export_from,st_device_torch_name,1 st_data_export_from,st_radio,1 st_data_export_from,st_radio2,1 st_data_export_from,st_pda_name,1 st_data_export_from,st_device_torch_nv_2_name,1 st_data_export_from,st_pda_name,1 st_data_export_from,st_detector1,1 st_data_export_from,st_binocular_name,1 st_data_export_from,st_device_torch_nv_1_name
prt_i_scrap,st_prt_i_scrap,4 st_data_export_from,st_fieldcooker,3 st_data_export_from,st_shovel_old,3 st_data_export_from,st_cooking,3 st_data_export_from,st_shovel_mili,3 st_data_export_from,st_exo_repair_kit,2 st_data_export_from,st_mag_akalfa_7.62x39_bas,2 st_data_export_from,st_mag_ak74_5.45x39,2 st_data_export_from,st_mag_ppp_mk23_45,2 st_data_export_from,st_lead_box_name,2 st_data_export_from,st_mag_etoz106_20x70_fmj,2 st_data_export_from,st_mag_m1a1_11.43x23_fmj,2 st_data_export_from,st_mag_pl15_9x19_fmjext,2 st_data_export_from,st_mag_pp2000_9x19_ext,2 st_data_export_from,mag_kriss9,2 st_data_export_from,st_mag_ak103_fast_7.62x39,2 st_data_export_from,st_mag_bizon_9x19_fmj,2 st_data_export_from,st_mag_overlylarge_95_556_drum,2 st_data_export_from,st_af_grid_up_name,2 st_data_export_from,st_mag_basvz61_9x19_30,2 st_data_export_from,st_mag_wp99_9x19_fmj,2 st_data_export_from,st_mag_stanag,2 st_data_export_from,st_ppp_colt1911_762x25_fmj,2 st_data_export_from,st_mag_remingtonla_300,2 st_data_export_from,ext_mag_colt1911_11.43x23_fmj,2 st_data_export_from,st_mag_sig550_sniper_5.56x45,2 st_data_export_from,st_mag_baskiparis_9x18_81,2 st_data_export_from,st_af_frames_up_name,2 st_data_export_from,st_mag_ppp_1911_357_fmj,2 st_data_export_from,st_mag_nato_5.56x45_fast,2 st_data_export_from,st_mag_hpsa_9x19_fmj,2 st_data_export_from,st_mag_sks_7.62x39,2 st_data_export_from,st_mag_mp5_9x19_fmjext50,2 st_data_export_from,st_mag_fnp45_11.43x23_fmj,2 st_data_export_from,st_mag_akalfa_5.56x45_bas,2 st_data_export_from,st_mag_fort_9x18_fmj,2 st_data_export_from,st_mag_k98_7.92x33,2 st_data_export_from,st_mag_fort_9x19_fmj,2 st_data_export_from,st_mag_mac10_9x19_standard,2 st_data_export_from,st_mag_baskiparis_9x19_20,2 st_data_export_from,st_mag_fnx45_11.43x23_fmj,2 st_data_export_from,st_mag_g43_7.92x33,2 st_data_export_from,st_mag_overlylarge_50_762x51_drum,2 st_data_export_from,st_mag_cz52_7.62x25_p,2 st_data_export_from,st_mag_baskiparis_9x19_81,2 st_data_export_from,st_mag_baskiparis_9x18_20,2 st_data_export_from,st_mag_mac10_9x18_standard,2 st_data_export_from,ext_mag_ppp_1911_357_fmj,2 st_data_export_from,st_mag_sr2m_9x21_veresk,2 st_data_export_from,st_mag_wa2000_7.62x51,2 st_data_export_from,ext_mag_kriss_drum,2 st_data_export_from,st_mag_ppp_px4_9x19_fmj,2 st_data_export_from,st_mag_m98b_magnum_300,2 st_data_export_from,st_mag_beretta_9x18_fmj,2 st_data_export_from,st_ied_rpg,2 st_data_export_from,st_mag_mp443_9x18_fmj,2 st_data_export_from,st_mag_nato_5.56x45_extended,2 st_data_export_from,st_mag_ak74_5.45x39_extended,2 st_data_export_from,st_mag_overlylarge_95_545_drum,2 st_data_export_from,st_mag_rpk74_5.45x39,2 st_data_export_from,st_mag_lancer,2 st_data_export_from,st_mag_mp9iwp_9x18,2 st_data_export_from,st_mag_mp5_9x19_fmjext,2 st_data_export_from,st_mag_g36_5.56x45,2 st_data_export_from,st_mag_pp2000_9x18_fmj,2 st_data_export_from,st_mag_mp7_5.7x28_short,2 st_data_export_from,st_mag_saiga12s_ext_12x70,2 st_data_export_from,st_mag_baskiparis_9x19_81,2 st_data_export_from,st_mag_type63_7.62x54,2 st_data_export_from,st_mag_stanag_short,2 st_data_export_from,st_mag_colt1911_11.43x23_fmj,2 st_data_export_from,st_mag_aug_9x19_fmj,2 st_data_export_from,st_mag_nato_5.56x45_drum_ext,2 st_data_export_from,st_ied,2 st_data_export_from,st_mag_fn57_5.7x28_ss190,2 st_data_export_from,st_mag_oc33_9x19_fmj,2 st_data_export_from,st_mag_tt33_7.62x25_p,2 st_data_export_from,st_mag_mp5_9x18_fmjext50,2 st_data_export_from,st_mag_pm_9x18_fmj,2 st_data_export_from,st_mag_vz61_9x19_fmj,2 st_data_export_from,st_mag_type63_7.62x39,2 st_data_export_from,st_mag_pmm_9x19_fmj,2 st_data_export_from,st_mag_l96a1_pkm,2 st_data_export_from,st_mag_kiparis_9x19_fmj,2 st_data_export_from,st_mag_mp9iwp,2 st_data_export_from,st_mag_mac10_9x19_ext,2 st_data_export_from,st_mag_pp2000_9x18_ext,2 st_data_export_from,st_mag_usp_11.43x23_fmj,2 st_data_export_from,st_mag_usptac_9x19_fmjext,2 st_data_export_from,st_mag_ash12_12.7x55,2 st_data_export_from,st_mag_hinge_ext_7.62x51,2 st_data_export_from,st_mag_cz75_9x19_fmj,2 st_data_export_from,st_mag_saiga12s_12x70,2 st_data_export_from,st_mag_p90_5.7x28_ss190,2 st_data_export_from,st_mag_ppsh41_7.62x25_p,2 st_data_export_from,st_mag_ar15_762x39,2 st_data_export_from,st_mag_dvl_7.62x51,2 st_data_export_from,st_mag_ppp_px4_45,2 st_data_export_from,st_mag_nato_5.56x45_drum,2 st_data_export_from,st_mag_1921_11.43x23_fmj,2 st_data_export_from,st_mag_glock_9x18_fmj,2 st_data_export_from,st_mag_remington700_7.62x51,2 st_data_export_from,st_mag_basremington700_7.62x51,2 st_data_export_from,st_mag_remingtonla_300,2 st_data_export_from,st_mag_mp443_9x19_fmj,2 st_data_export_from,st_mag_baskiparis_9x18_81,2 st_data_export_from,st_mag_usptac_9x19_fmj,2 st_data_export_from,st_mag_mp9iwp_ext,2 st_data_export_from,st_mag_rpk74_5.56x45,2 st_data_export_from,st_exolight_repair_kit,2 st_data_export_from,st_mag_ppp_signimble_9x19_fmj,2 st_data_export_from,st_mag_rpk_7.62x39,2 st_data_export_from,st_mag_stanag_7.62x51_short,2 st_data_export_from,st_af_freon_up_name,2 st_data_export_from,st_mag_basvz61_9x18_30,2 st_data_export_from,st_mag_stanag_fast_7.62x51,2 st_data_export_from,st_mag_l96a1_7.62x51,2 st_data_export_from,st_mag_usas12_12x70,2 st_data_export_from,st_mag_bizon_7.62x25_p,2 st_data_export_from,st_mag_ump45_11.43x23_fmj,2 st_data_export_from,st_mag_k98_7.62x51,2 st_data_export_from,st_af_plates_up_name,2 st_data_export_from,st_mag_remingtonarchangel_7.62x51,2 st_data_export_from,st_mag_tt33_7.62x25_p,2 st_data_export_from,st_af_surge_up_name,2 st_data_export_from,st_mag_svd_7.62x54_extended,2 st_data_export_from,st_mag_rpd_7.62x39,2 st_data_export_from,st_mag_ppp_sig_9x19_fmj,2 st_data_export_from,st_mag_kiparis_9x18_fmj,2 st_data_export_from,st_mag_grot,2 st_data_export_from,st_mag_pl15_9x19_fmj,2 st_data_export_from,st_mag_sig550_5.56x45,2 st_data_export_from,st_mag_desert_eagle_357_hp,2 st_data_export_from,st_mag_ppsh41_7.62x25_stick,2 st_data_export_from,st_mag_sigp220_11.43x23_fmj,2 st_data_export_from,st_mag_mp5_11.43x23_fmj,2 st_data_export_from,st_mag_vepr_12x70,2 st_data_export_from,st_mag_baskiparis_9x19_40,2 st_data_export_from,st_mag_ak74m_5.45x39,2 st_data_export_from,st_mag_bizon_9x18_fmj,2 st_data_export_from,st_mag_toz106_20x70_fmj,2 st_data_export_from,st_mag_mp5_9x18_fmj,2 st_data_export_from,mag_kriss45,2 st_data_export_from,st_mag_baskiparis_9x18_40,2 st_data_export_from,st_mag_sksext_7.62x39,2 st_data_export_from,st_mag_saiga12_drum,2 st_data_export_from,st_af_camelbak_up_name,2 st_data_export_from,st_mag_sks_7.62x54ext,2 st_data_export_from,st_mag_sr1m_9x21,2 st_data_export_from,st_mag_sr1m_9x21ext,2 st_data_export_from,st_mag_sig226_9x19_fmjext,2 st_data_export_from,st_mag_mac10_9x18_ext,2 st_data_export_from,st_mag_stanag_7.62x51,2 st_data_export_from,st_mag_nato_5.56x45_casket,2 st_data_export_from,st_mag_steyr_556,2 st_data_export_from,st_mag_sv98_7.62x54,2 st_data_export_from,st_mag_mp5_9x19_fmj,2 st_data_export_from,st_mag_p90_ext,2 st_data_export_from,st_mag_cz75_9x18_fmj,2 st_data_export_from,st_mag_groza_9x39_pab9,2 st_data_export_from,ext_mag_kriss9_drum,2 st_data_export_from,st_mag_stanag_7.62x51_ext,2 st_data_export_from,st_mag_hinge_7.62x51,2 st_data_export_from,st_mag_mp5_9x18_fmjext,2 st_data_export_from,st_mag_svd_7.62x54,2 st_data_export_from,st_mag_val_9x39_pab9,2 st_data_export_from,st_mag_m82_12.7x55,2 st_data_export_from,st_mag_m249_5.56x45,2 st_data_export_from,st_mag_svt40_7.62x39,2 st_data_export_from,st_mag_svt40_7.62x54,2 st_data_export_from,st_mag_pp2000_9x19_fmj,2 st_data_export_from,st_mag_pmm_9x18_fmj,2 st_data_export_from,st_mag_basvz61_9x19_60,2 st_data_export_from,st_mag_k98_7.62x54,2 st_data_export_from,st_mag_pm_9x19_fmj,2 st_data_export_from,st_mag_vintorez_9x39_pab9,2 st_data_export_from,st_mag_nato_5.45x39,2 st_data_export_from,st_mag_galil_7.62x51,2 st_data_export_from,st_mag_vsk94_9x39_pab9,2 st_data_export_from,st_mag_ash12_ext_12.7x55,2 st_data_export_from,st_mag_vssk_12.7x55,2 st_data_export_from,st_mag_vepr_compact_12x70,2 st_data_export_from,st_mag_ak74_fast_5.45x39,2 st_data_export_from,st_prt_o_support_1,2 st_data_export_from,st_mag_overlylarge_50_762x51_drum2,2 st_data_export_from,st_mag_aug_5.56x45_ext,2 st_data_export_from,st_mag_vityaz_9x18_fmj,2 st_data_export_from,st_af_cooler_up_name,2 st_data_export_from,st_mag_overlylarge_75_762x39_drum,2 st_data_export_from,st_mag_ak103_7.62x39,2 st_data_export_from,st_mag_ak_7.62x39,2 st_data_export_from,st_mag_uzi_9x19,2 st_data_export_from,st_mag_glock_9x19_fmj,2 st_data_export_from,st_mag_oc33_9x18_fmj,2 st_data_export_from,st_mag_uzi_9x19_extended,2 st_data_export_from,st_mag_vz61_9x18_fmj,2 st_data_export_from,st_mag_beretta_9x19_fmj,2 st_data_export_from,st_mag_basvz61_9x18_60,2 st_data_export_from,st_mag_vityaz_9x19_fmj,2 st_data_export_from,st_mag_sigp220_11.43x23_fmjext,2 st_data_export_from,st_mag_trg_magnum_300,2 st_data_export_from,st_mag_mp9iwp_9x18_ext,2 st_data_export_from,st_mag_mp7_5.7x28_ss190,2 st_data_export_from,st_mag_vihr_9x39_pab9,2 st_data_export_from,st_mag_steyr_762,2 st_data_export_from,st_mag_dvl_338,2 st_data_export_from,st_mag_hk21_7.62x51,2 st_data_export_from,st_mag_pkm_pkm,2 st_data_export_from,st_mag_ak101_5.56x45,2 st_data_export_from,st_ppp_xd9_9x19_fmj,2 st_data_export_from,st_mag_aps_9x19_fmj,2 st_data_export_from,st_mag_wp99_9x19_fmjext,2 st_data_export_from,st_mag_hpsa_9x18_fmj,2 st_data_export_from,st_mag_p220_9x19_u2p2bas,2 st_data_export_from,st_mag_aps_9x18_fmj,2 st_data_export_from,mag_raptr,2 st_data_export_from,st_mag_gsh18_9x19_fmj,2 st_data_export_from,st_mag_sks_7.62x54,2 st_data_export_from,st_mag_aug_5.56x45,2 st_data_export_from,st_mag_sig226_9x19_fmj,1 st_data_export_from,st_tushonka,1 st_data_export_from,st_af_grid_name,1 st_data_export_from,st_binocular_name,1 st_data_export_from,st_tomato,1 st_data_export_from,st_detector1,1 st_data_export_from,st_af_iam_name,1 st_data_export_from,st_chili,1 st_data_export_from,st_af_frames_name,1 st_data_export_from,st_ball_hammer,1 st_data_export_from,st_hand_watch,1 st_data_export_from,st_mine_name,1 st_data_export_from,st_af_freon_name,1 st_data_export_from,st_mirror,1 st_data_export_from,st_af_plates_name,1 st_data_export_from,st_corn,1 st_data_export_from,st_cutlery,1 st_data_export_from,st_beans,1 st_data_export_from,st_detector4,1 st_data_export_from,st_af_aam_name,1 st_data_export_from,st_detector3,1 st_data_export_from,st_detector8,1 st_data_export_from,st_af_aac_name,1 st_data_export_from,st_detector2,1 st_data_export_from,st_army_bowler,1 st_data_export_from,st_binocular_name,1 st_data_export_from,st_af_camelbak_name,1 st_data_export_from,st_conserva,1 st_data_export_from,st_af_surge_name,1 st_data_export_from,st_metalcan_powder,1 st_data_export_from,st_geiger_dead,1 st_data_export_from,st_balon_gas,1 st_data_export_from,st_af_cooler_name
prt_i_textolite,st_prt_i_textolite,1 st_data_export_from,st_medkit_science,1 st_data_export_from,st_glue_a,1 st_data_export_from,st_armor_repair_fa,1 st_data_export_from,st_gun_oil_ru,1 st_data_export_from,st_survival_kit,1 st_data_export_from,st_solvent,1 st_data_export_from,st_glue_e,1 st_data_export_from,st_medkit,1 st_data_export_from,st_medkit_army,1 st_data_export_from,st_glue_b
prt_i_transistors,st_prt_i_transistors,4 st_data_export_from,st_pda_3_name,4 st_data_export_from,st_detector4,4 st_data_export_from,st_detector3,3 st_data_export_from,st_device_torch_nv_3_name,3 st_data_export_from,st_detector2,2 st_data_export_from,st_pda_1_name,2 st_data_export_from,st_geiger_dead,2 st_data_export_from,st_device_torch_nv_2_name,2 st_data_export_from,st_af_aam_name,2 st_data_export_from,st_detector1,2 st_data_export_from,st_detector8,2 st_data_export_from,st_pda_2_name,2 st_data_export_from,st_af_aac_name,2 st_data_export_from,st_detector9,1 st_data_export_from,st_pda_name,1 st_data_export_from,st_headlamp,1 st_data_export_from,st_device_torch_nv_1_name,1 st_data_export_from,st_af_iam_name,1 st_data_export_from,st_walkie,1 st_data_export_from,st_pda_name,1 st_data_export_from,st_pda_name,1 st_data_export_from,st_broken_detector,1 st_data_export_from,st_radio
prt_i_wood,st_prt_i_wood,10 st_data_export_from,st_guitar_name,4 st_data_export_from,st_shovel_old,4 st_data_export_from,st_itms_campfire_name,4 st_data_export_from,st_shovel_mili,3 st_data_export_from,st_ball_hammer
prt_o_ballistic_1,st_prt_o_ballistic_1,1 st_data_export_from,st_af_kevlar_up_name,1 st_data_export_from,st_af_kevlar_name
prt_o_ballistic_13,st_prt_o_ballistic_13,1 st_data_export_from,st_af_plates_name,1 st_data_export_from,st_af_camelbak_up_name,1 st_data_export_from,st_af_camelbak_name,1 st_data_export_from,st_af_plates_up_name
prt_o_ballistic_15,st_prt_o_ballistic_15,1 st_data_export_from,st_af_frames_name,1 st_data_export_from,st_af_frames_up_name
prt_o_ballistic_3,st_prt_o_ballistic_3,1 st_data_export_from,st_af_kevlar_up_name,1 st_data_export_from,st_af_kevlar_name
prt_o_ballistic_5,st_prt_o_ballistic_5,2 st_data_export_from,st_af_kevlar_up_name,1 st_data_export_from,st_af_grid_up_name,1 st_data_export_from,st_af_kevlar_name,1 st_data_export_from,st_af_grid_name
prt_o_ballistic_7,st_prt_o_ballistic_7,2 st_data_export_from,st_af_kevlar_up_name,1 st_data_export_from,st_af_kevlar_name
prt_o_ballistic_9,st_prt_o_ballistic_9,1 st_data_export_from,st_af_plates_name,1 st_data_export_from,st_af_camelbak_up_name,1 st_data_export_from,st_af_camelbak_name,1 st_data_export_from,st_af_plates_up_name
prt_o_fabrics_1,st_prt_o_fabrics_1,3 st_data_export_from,st_equ_touristpack_name,1 st_data_export_from,st_equ_smallpack_name,1 st_data_export_from,st_af_magpouch_s_name,1 st_data_export_from,st_af_magpouch_l_name,1 st_data_export_from,st_af_magpouch_m_name,1 st_data_export_from,st_beadspread,1 st_data_export_from,st_gloves
prt_o_fabrics_2,st_prt_o_fabrics_2,2 st_data_export_from,st_equ_touristpack_name,2 st_data_export_from,st_equ_milpack_name,1 st_data_export_from,st_tarpaulin,1 st_data_export_from,st_equ_smilpack_name,1 st_data_export_from,st_itm_backpack_name,1 st_data_export_from,st_equ_smallpack_name,1 st_data_export_from,st_underwear
prt_o_fabrics_3,st_prt_o_fabrics_3,3 st_data_export_from,st_equ_touristpack_name,2 st_data_export_from,st_itm_tent_name,2 st_data_export_from,st_equ_milpack_name,2 st_data_export_from,st_kit_hunt,2 st_data_export_from,st_itm_sleepbag_name,1 st_data_export_from,st_itm_backpack_name,1 st_data_export_from,st_equ_smilpack_name,1 st_data_export_from,st_beadspread,1 st_data_export_from,st_compression_bag,1 st_data_export_from,st_af_magpouch_m_name,1 st_data_export_from,st_af_frames_name,1 st_data_export_from,st_boots,1 st_data_export_from,st_bandage,1 st_data_export_from,st_af_grid_up_name,1 st_data_export_from,st_af_magpouch_s_name,1 st_data_export_from,st_af_grid_name,1 st_data_export_from,st_af_magpouch_l_name,1 st_data_export_from,st_gloves,1 st_data_export_from,st_af_frames_up_name,1 st_data_export_from,st_equ_smallpack_name
prt_o_fabrics_4,st_prt_o_fabrics_4,3 st_data_export_from,st_itm_tent_name,3 st_data_export_from,st_equ_milpack_name,2 st_data_export_from,st_kit_hunt,2 st_data_export_from,st_jgut_zhgut,2 st_data_export_from,st_itm_sleepbag_name,2 st_data_export_from,st_equ_smilpack_name,1 st_data_export_from,st_armor_repair_fa,1 st_data_export_from,st_glue_e,1 st_data_export_from,st_solvent,1 st_data_export_from,st_compression_bag,1 st_data_export_from,st_tarpaulin,1 st_data_export_from,st_af_cooler_up_name,1 st_data_export_from,st_boots,1 st_data_export_from,st_af_magpouch_m_name,1 st_data_export_from,st_af_magpouch_s_name,1 st_data_export_from,st_gun_oil_ru,1 st_data_export_from,st_af_cooler_name,1 st_data_export_from,st_glue_a,1 st_data_export_from,st_af_magpouch_l_name,1 st_data_export_from,st_glue_b
prt_o_retardant_1,st_prt_o_retardant_1,1 st_data_export_from,st_af_freon_up_name,1 st_data_export_from,st_af_freon_name
prt_o_retardant_13,st_prt_o_retardant_13,1 st_data_export_from,st_af_camelbak_up_name,1 st_data_export_from,st_af_camelbak_name
prt_o_retardant_17,st_prt_o_retardant_17,1 st_data_export_from,st_af_surge_name,1 st_data_export_from,st_af_surge_up_name
prt_o_retardant_5,st_prt_o_retardant_5,1 st_data_export_from,st_af_freon_up_name,1 st_data_export_from,st_af_freon_name
prt_o_retardant_7,st_prt_o_retardant_7,1 st_data_export_from,st_af_cooler_up_name,1 st_data_export_from,st_af_cooler_name
rope,st_rope,2 st_data_export_from,st_synthrope
swiss_knife,st_swiss,1 st_data_export_from,st_kit_hunt
uh2,st_addon_scope_razor,1 st_data_export_from,st_addon_scope_razor_mag
