~,pda_encyclopedia_name,st_data_export_disassemble_result,st_data_export_disassemble_amount,st_data_export_disassemble_result,st_data_export_disassemble_amount,st_data_export_disassemble_result,st_data_export_disassemble_amount,st_data_export_disassemble_result,st_data_export_disassemble_amount,st_data_export_disassemble_result,st_data_export_disassemble_amount,st_data_export_disassemble_result,st_data_export_disassemble_amount,st_data_export_disassemble_result,st_data_export_disassemble_amount,st_data_export_disassemble_result,st_data_export_disassemble_amount,st_data_export_disassemble_result,st_data_export_disassemble_amount,st_data_export_disassemble_result,st_data_export_disassemble_amount
adrenalin,st_adrenalin,st_e_syringe,x1
af_aac,st_af_aac_name,st_prt_i_resistors,x2,st_prt_i_transistors,x2,st_prt_i_capacitors,x2,st_prt_i_copper,x1,st_prt_i_scrap,x1
af_aam,st_af_aam_name,st_prt_i_resistors,x3,st_prt_i_capacitors,x3,st_prt_i_transistors,x2,st_prt_i_copper,x2,st_prt_i_scrap,x1
af_camelbak,st_af_camelbak_name,st_prt_o_ballistic_9,x1,st_prt_o_ballistic_13,x1,st_prt_o_retardant_13,x1,st_prt_i_scrap,x1
af_camelbak_up,st_af_camelbak_up_name,st_prt_i_scrap,x2,st_prt_o_ballistic_13,x1,st_prt_o_retardant_13,x1,st_prt_o_ballistic_9,x1
af_cooler,st_af_cooler_name,st_prt_o_fabrics_4,x1,st_prt_o_retardant_7,x1,st_prt_i_fasteners,x1,st_prt_i_scrap,x1
af_cooler_up,st_af_cooler_up_name,st_prt_i_scrap,x2,st_prt_i_fasteners,x2,st_prt_o_retardant_7,x1,st_prt_o_fabrics_4,x1
af_frames,st_af_frames_name,st_prt_o_fabrics_3,x1,st_prt_i_scrap,x1,st_prt_i_fasteners,x1,st_prt_o_ballistic_15,x1
af_frames_up,st_af_frames_up_name,st_prt_i_scrap,x2,st_prt_i_fasteners,x2,st_prt_o_ballistic_15,x1,st_prt_o_fabrics_3,x1
af_freon,st_af_freon_name,st_prt_i_plastic,x1,st_prt_o_retardant_5,x1,st_prt_o_retardant_1,x1,st_prt_i_scrap,x1
af_freon_up,st_af_freon_up_name,st_prt_i_plastic,x2,st_prt_i_scrap,x2,st_prt_o_retardant_1,x1,st_prt_o_retardant_5,x1
af_grid,st_af_grid_name,st_prt_o_ballistic_5,x1,st_prt_o_fabrics_3,x1,st_prt_i_fasteners,x1,st_prt_i_scrap,x1
af_grid_up,st_af_grid_up_name,st_prt_i_scrap,x2,st_prt_i_fasteners,x2,st_prt_o_fabrics_3,x1,st_prt_o_ballistic_5,x1
af_iam,st_af_iam_name,st_prt_i_capacitors,x2,st_prt_i_transistors,x1,st_prt_i_scrap,x1,st_prt_i_copper,x1,st_prt_i_resistors,x1
af_kevlar,st_af_kevlar_name,st_prt_o_ballistic_5,x1,st_prt_o_ballistic_3,x1,st_prt_o_ballistic_1,x1,st_prt_o_ballistic_7,x1
af_kevlar_up,st_af_kevlar_up_name,st_prt_o_ballistic_5,x2,st_prt_o_ballistic_7,x2,st_prt_o_ballistic_1,x1,st_prt_o_ballistic_3,x1
af_magpouch_l,st_af_magpouch_l_name,st_prt_o_fabrics_3,x1,st_prt_o_fabrics_4,x1,st_prt_o_fabrics_1,x1
af_magpouch_m,st_af_magpouch_m_name,st_prt_o_fabrics_3,x1,st_prt_o_fabrics_4,x1,st_prt_o_fabrics_1,x1
af_magpouch_s,st_af_magpouch_s_name,st_prt_o_fabrics_3,x1,st_prt_o_fabrics_4,x1,st_prt_o_fabrics_1,x1
af_plates,st_af_plates_name,st_prt_o_ballistic_9,x1,st_prt_i_scrap,x1,st_prt_i_fasteners,x1,st_prt_o_ballistic_13,x1
af_plates_up,st_af_plates_up_name,st_prt_i_scrap,x2,st_prt_i_fasteners,x2,st_prt_o_ballistic_13,x1,st_prt_o_ballistic_9,x1
af_surge,st_af_surge_name,st_prt_o_retardant_17,x1,st_prt_i_resistors,x1,st_prt_i_fasteners,x1,st_prt_i_scrap,x1
af_surge_up,st_af_surge_up_name,st_prt_i_scrap,x2,st_prt_i_resistors,x2,st_prt_i_fasteners,x2,st_prt_o_retardant_17,x1
analgetic,st_analgetic,st_e_syringe,x1
armor_repair_fa,st_armor_repair_fa,st_duct_tape,x2,st_prt_o_fabrics_4,x1,st_prt_i_textolite,x1
army_bowler,st_army_bowler,st_prt_i_scrap,x1
ball_hammer,st_ball_hammer,st_prt_i_wood,x3,st_prt_i_scrap,x1
bandage,st_bandage,st_prt_o_fabrics_3,x1
beadspread,st_beadspread,st_prt_o_fabrics_1,x1,st_prt_o_fabrics_3,x1
beans,st_beans,st_prt_i_scrap,x1
boots,st_boots,st_prt_o_fabrics_3,x1,st_prt_o_fabrics_4,x1
broken_detector,st_broken_detector,st_prt_i_fasteners,x1,st_prt_i_capacitors,x1,st_prt_i_transistors,x1,st_prt_i_resistors,x1
chili,st_chili,st_prt_i_scrap,x1
compression_bag,st_compression_bag,st_prt_o_fabrics_3,x1,st_prt_o_fabrics_4,x1
conserva,st_conserva,st_prt_i_scrap,x1
cooking,st_cooking,st_prt_i_scrap,x3,st_prt_i_fasteners,x2
corn,st_corn,st_prt_i_scrap,x1
cutlery,st_cutlery,st_prt_i_scrap,x1
detector_advanced,st_detector2,st_prt_i_capacitors,x3,st_prt_i_transistors,x3,st_prt_i_resistors,x2,st_prt_i_scrap,x1,st_prt_i_fasteners,x1
detector_anomaly,st_detector8,st_prt_i_resistors,x2,st_prt_i_capacitors,x2,st_prt_i_transistors,x2,st_prt_i_copper,x1,st_prt_i_fasteners,x1,st_prt_i_scrap,x1
detector_elite,st_detector3,st_prt_i_transistors,x4,st_prt_i_capacitors,x2,st_prt_i_resistors,x2,st_prt_i_scrap,x1,st_prt_i_fasteners,x1
detector_geiger,st_geiger_dead,st_prt_i_resistors,x2,st_prt_i_capacitors,x2,st_prt_i_transistors,x2,st_prt_i_copper,x1,st_prt_i_fasteners,x1,st_prt_i_scrap,x1
detector_radio,st_detector9,st_prt_i_resistors,x2,st_prt_i_transistors,x2,st_prt_i_capacitors,x2,st_prt_i_copper,x1,st_prt_i_fasteners,x1
detector_scientific,st_detector4,st_prt_i_resistors,x4,st_prt_i_capacitors,x4,st_prt_i_transistors,x4,st_prt_i_scrap,x1,st_prt_i_fasteners,x1
detector_simple,st_detector1,st_prt_i_capacitors,x2,st_prt_i_transistors,x2,st_prt_i_fasteners,x1,st_prt_i_copper,x1,st_prt_i_scrap,x1,st_prt_i_resistors,x1
device_flashlight,st_device_flashlight,st_prt_i_fasteners,x1,st_prt_i_copper,x1,st_prt_i_capacitors,x1,st_prt_i_resistors,x1
device_glowstick,st_device_glowstick,st_prt_i_plastic,x2
device_glowstick_blue,st_device_glowstick_blue,st_prt_i_plastic,x2
device_glowstick_orange,st_device_glowstick_orange,st_prt_i_plastic,x2
device_glowstick_red,st_device_glowstick_red,st_prt_i_plastic,x2
device_pda_1,st_pda_1_name,st_prt_i_resistors,x2,st_prt_i_transistors,x2,st_prt_i_capacitors,x2,st_prt_i_copper,x1,st_prt_i_fasteners,x1
device_pda_2,st_pda_2_name,st_prt_i_capacitors,x3,st_prt_i_transistors,x2,st_prt_i_resistors,x2,st_prt_i_copper,x1,st_prt_i_fasteners,x1
device_pda_3,st_pda_3_name,st_prt_i_transistors,x4,st_prt_i_capacitors,x2,st_prt_i_resistors,x2,st_prt_i_copper,x1,st_prt_i_fasteners,x1
device_torch_dummy,st_device_torch_name,st_prt_i_resistors,x1,st_prt_i_copper,x1,st_prt_i_capacitors,x1
device_torch_nv_1,st_device_torch_nv_1_name,st_prt_i_capacitors,x2,st_prt_i_resistors,x1,st_prt_i_transistors,x1,st_prt_i_copper,x1
device_torch_nv_2,st_device_torch_nv_2_name,st_prt_i_capacitors,x2,st_prt_i_transistors,x2,st_prt_i_resistors,x1,st_prt_i_copper,x1
device_torch_nv_3,st_device_torch_nv_3_name,st_prt_i_transistors,x3,st_prt_i_resistors,x2,st_prt_i_copper,x1,st_prt_i_capacitors,x1
drug_booster,st_drug_booster,st_jar,x1
e0t2_magd,st_addon_scope_e0t2_mag,st_addon_scope_mag,x1,st_addon_scope_e0t2,x1
equ_military_pack,st_equ_milpack_name,st_prt_o_fabrics_4,x3,st_prt_o_fabrics_2,x2,st_prt_o_fabrics_3,x2
equ_small_military_pack,st_equ_smilpack_name,st_prt_o_fabrics_4,x2,st_prt_o_fabrics_2,x1,st_prt_o_fabrics_3,x1
equ_small_pack,st_equ_smallpack_name,st_prt_o_fabrics_1,x1,st_prt_o_fabrics_2,x1,st_prt_o_fabrics_3,x1
equ_tourist_pack,st_equ_touristpack_name,st_prt_o_fabrics_1,x3,st_prt_o_fabrics_3,x3,st_prt_o_fabrics_2,x2
exo_repair_kit,st_exo_repair_kit,st_prt_i_scrap,x3,st_prt_i_fasteners,x1
explo_balon_gas,st_balon_gas,st_prt_i_fasteners,x1,st_prt_i_scrap,x1
explo_metalcan_powder,st_metalcan_powder,st_powder_pistol,x3,st_powder_rifle,x3,st_powder_mag,x2,st_prt_i_scrap,x1
fieldcooker,st_fieldcooker,st_prt_i_scrap,x4
flashlight_broken,st_flashlight_broken,st_prt_i_capacitors,x1,st_prt_i_resistors,x1
gloves,st_gloves,st_prt_o_fabrics_1,x1,st_prt_o_fabrics_3,x1
glucose,st_glucose,st_e_syringe,x1
glucose_s,st_glucose_s,st_e_syringe,x1
glue_a,st_glue_a,st_prt_i_textolite,x1,st_prt_o_fabrics_4,x1,st_jar,x1
glue_b,st_glue_b,st_prt_i_textolite,x1,st_prt_o_fabrics_4,x1,st_jar,x1
glue_e,st_glue_e,st_prt_i_textolite,x1,st_prt_o_fabrics_4,x1,st_jar,x1
grease,st_grease,st_jar,x1
guitar_a,st_guitar_name,st_prt_i_wood,x10
gun_oil_ru,st_gun_oil_ru,st_prt_i_textolite,x1,st_prt_o_fabrics_4,x1,st_jar,x1
hand_watch,st_hand_watch,st_prt_i_fasteners,x1,st_prt_i_scrap,x1
headlamp,st_headlamp,st_prt_i_copper,x1,st_prt_i_fasteners,x1,st_prt_i_transistors,x1
heavy_repair_kit,st_exolight_repair_kit,st_prt_i_scrap,x2,st_prt_i_fasteners,x1
ied_new,st_ied,st_prt_i_scrap,x2
ied_rpg_new,st_ied_rpg,st_prt_i_scrap,x2
itm_backpack,st_itm_backpack_name,st_prt_o_fabrics_3,x1,st_prt_o_fabrics_2,x1
itm_campfire,st_itms_campfire_name,st_prt_i_wood,x4
itm_drugkit,st_itm_drugkit,st_prt_i_plastic,x4,st_e_syringe,x3,st_prt_i_paper,x2,st_medkit_ai1,x1
itm_mapkit_1,st_itm_mapkit_1,st_prt_i_paper,x3
itm_mapkit_2,st_itm_mapkit_2,st_prt_i_paper,x3
itm_mapkit_3,st_itm_mapkit_3,st_prt_i_paper,x3
itm_mapkit_4,st_itm_mapkit_4,st_prt_i_paper,x3
itm_mapkit_5,st_itm_mapkit_5,st_prt_i_paper,x3
itm_mapkit_6,st_itm_mapkit_6,st_prt_i_paper,x3
itm_mapkit_7,st_itm_mapkit_7,st_prt_i_paper,x3
itm_mapkit_8,st_itm_mapkit_8,st_prt_i_paper,x3
itm_mapkit_9,st_itm_mapkit_9,st_prt_i_paper,x3
itm_pda_common,st_pda_name,st_prt_i_resistors,x1,st_prt_i_transistors,x1,st_prt_i_fasteners,x1,st_prt_i_copper,x1,st_prt_i_capacitors,x1
itm_pda_rare,st_pda_name,st_prt_i_resistors,x1,st_prt_i_transistors,x1,st_prt_i_fasteners,x1,st_prt_i_copper,x1,st_prt_i_capacitors,x1
itm_pda_uncommon,st_pda_name,st_prt_i_resistors,x1,st_prt_i_transistors,x1,st_prt_i_fasteners,x1,st_prt_i_copper,x1,st_prt_i_capacitors,x1
itm_sleepbag,st_itm_sleepbag_name,st_prt_o_fabrics_3,x2,st_prt_o_fabrics_4,x2
itm_tent,st_itm_tent_name,st_prt_o_fabrics_4,x3,st_prt_o_fabrics_3,x2
jgut,st_jgut_zhgut,st_prt_o_fabrics_4,x2,st_bandage,x1
kit_hunt,st_kit_hunt,st_prt_o_fabrics_3,x2,st_prt_o_fabrics_4,x2,st_swiss,x1
lead_box,st_lead_box_name,st_prt_i_fasteners,x2,st_prt_i_scrap,x2
letter_ecologist_report_1_of_3,st_ecologist_report_1_of_3_name,st_prt_i_paper,x3
letter_ecologist_report_2_of_3,st_ecologist_report_2_of_3_name,st_prt_i_paper,x3
letter_ecologist_report_3_of_3,st_ecologist_report_3_of_3_name,st_prt_i_paper,x3
letter_freedom_manual_1_of_2,st_freedom_manual_1_of_2_name,st_prt_i_paper,x1
letter_freedom_manual_2_of_2,st_freedom_manual_1_of_2_name,st_prt_i_paper,x1
letter_letter_to_outside,st_letter_to_outside_name,st_prt_i_paper,x1
letter_memoirs_1_of_2,st_memoirs_1_of_2_name,st_prt_i_paper,x1
letter_memoirs_2_of_2,st_memoirs_2_of_2_name,st_prt_i_paper,x1
letter_mercenary,st_letter_mercenary_name,st_prt_i_paper,x1
letter_military_log,st_letter_military_log_name,st_prt_i_paper,x1
letter_military_stalker,st_letter_military_stalker_name,st_prt_i_paper,x1
letter_monolith_prayer_1_of_3,st_monolith_prayer_1_of_3_name,st_prt_i_paper,x1
letter_monolith_prayer_2_of_3,st_monolith_prayer_2_of_3_name,st_prt_i_paper,x1
letter_monolith_prayer_3_of_3,st_monolith_prayer_3_of_3_name,st_prt_i_paper,x1
letter_monolithian_thoughts,st_monolithian_thoughts_name,st_prt_i_paper,x1
letter_stalker_letter_1_of_2,st_stalker_letter_1_of_2_name,st_prt_i_paper,x1
letter_stalker_letter_2_of_2,st_stalker_letter_2_of_2_name,st_prt_i_paper,x1
letter_stalker_letter_3,st_letter_stalker_letter_3_name,st_prt_i_paper,x1
mag_1921_11.43x23_default,st_mag_1921_11.43x23_fmj,st_prt_i_scrap,x2
mag_196a1_7.62x54_alt,st_mag_l96a1_pkm,st_prt_i_scrap,x2
mag_50_762x51_drum,st_mag_overlylarge_50_762x51_drum2,st_prt_i_scrap,x2
mag_50_762x51_drum_hinge,st_mag_overlylarge_50_762x51_drum,st_prt_i_scrap,x2
mag_7.62x39_ar15,st_mag_ar15_762x39,st_prt_i_scrap,x2
mag_75_762x39_drum,st_mag_overlylarge_75_762x39_drum,st_prt_i_scrap,x2
mag_95_5.56x45_drum,st_mag_overlylarge_95_556_drum,st_prt_i_scrap,x2
mag_95_545x39_drum,st_mag_overlylarge_95_545_drum,st_prt_i_scrap,x2
mag_ak_5.45x39_default,st_mag_ak74_5.45x39,st_prt_i_scrap,x2
mag_ak_5.45x39_extended,st_mag_ak74_5.45x39_extended,st_prt_i_scrap,x2
mag_ak_5.45x39_fast,st_mag_ak74_fast_5.45x39,st_prt_i_scrap,x2
mag_ak_5.45x39_modern,st_mag_ak74m_5.45x39,st_prt_i_scrap,x2
mag_ak_5.56x45_modern,st_mag_ak101_5.56x45,st_prt_i_scrap,x2
mag_ak_7.62x39_default,st_mag_ak_7.62x39,st_prt_i_scrap,x2
mag_ak_7.62x39_fast,st_mag_ak103_fast_7.62x39,st_prt_i_scrap,x2
mag_ak_7.62x39_modern,st_mag_ak103_7.62x39,st_prt_i_scrap,x2
mag_akalfa_5.56x45_bas,st_mag_akalfa_5.56x45_bas,st_prt_i_scrap,x2
mag_akalfa_7.62x39_bas,st_mag_akalfa_7.62x39_bas,st_prt_i_scrap,x2
mag_aps_9x18_default,st_mag_aps_9x18_fmj,st_prt_i_scrap,x2
mag_aps_9x19_alt,st_mag_aps_9x19_fmj,st_prt_i_scrap,x2
mag_ash_12.7x55_default,st_mag_ash12_12.7x55,st_prt_i_scrap,x2
mag_ash_12.7x55_extended,st_mag_ash12_ext_12.7x55,st_prt_i_scrap,x2
mag_aug_5.56x45_default,st_mag_aug_5.56x45,st_prt_i_scrap,x2
mag_aug_5.56x45_extended,st_mag_aug_5.56x45_ext,st_prt_i_scrap,x2
mag_aug_9x19_default,st_mag_aug_9x19_fmj,st_prt_i_scrap,x2
mag_bas_pl15_9x19,st_mag_pl15_9x19_fmj,st_prt_i_scrap,x2
mag_bas_pl15_9x19_extended,st_mag_pl15_9x19_fmjext,st_prt_i_scrap,x2
mag_bas_sig226_9x19,st_mag_sig226_9x19_fmj,st_prt_i_scrap,x2
mag_bas_sig226_9x19_extended,st_mag_sig226_9x19_fmjext,st_prt_i_scrap,x2
mag_bas_toz106,st_mag_toz106_20x70_fmj,st_prt_i_scrap,x2
mag_bas_toz106m1,st_mag_etoz106_20x70_fmj,st_prt_i_scrap,x2
mag_baskiparis_9x18_20,st_mag_baskiparis_9x18_20,st_prt_i_scrap,x2
mag_baskiparis_9x18_40,st_mag_baskiparis_9x18_40,st_prt_i_scrap,x2
mag_baskiparis_9x18_81,st_mag_baskiparis_9x18_81,st_prt_i_scrap,x2
mag_baskiparis_9x19_20,st_mag_baskiparis_9x19_20,st_prt_i_scrap,x2
mag_baskiparis_9x19_40,st_mag_baskiparis_9x19_40,st_prt_i_scrap,x2
mag_baskiparis_9x19_81,st_mag_baskiparis_9x19_81,st_prt_i_scrap,x2
mag_basvz61_9x18_30,st_mag_basvz61_9x18_30,st_prt_i_scrap,x2
mag_basvz61_9x18_60,st_mag_basvz61_9x18_60,st_prt_i_scrap,x2
mag_basvz61_9x19_30,st_mag_basvz61_9x19_30,st_prt_i_scrap,x2
mag_basvz61_9x19_60,st_mag_basvz61_9x19_60,st_prt_i_scrap,x2
mag_beretta_9x18_alt,st_mag_beretta_9x18_fmj,st_prt_i_scrap,x2
mag_beretta_9x19_default,st_mag_beretta_9x19_fmj,st_prt_i_scrap,x2
mag_bizon_7.62x25_alt,st_mag_bizon_7.62x25_p,st_prt_i_scrap,x2
mag_bizon_9x18_defalt,st_mag_bizon_9x18_fmj,st_prt_i_scrap,x2
mag_bizon_9x19_alt,st_mag_bizon_9x19_fmj,st_prt_i_scrap,x2
mag_bolt_300_default,st_mag_trg_magnum_300,st_prt_i_scrap,x2
mag_colt1911_762x25,st_ppp_colt1911_762x25_fmj,st_prt_i_scrap,x2
mag_colt1911_default,st_mag_colt1911_11.43x23_fmj,st_prt_i_scrap,x2
mag_colt1911_extended,ext_mag_colt1911_11.43x23_fmj,st_prt_i_scrap,x2
mag_coonan_357_default,st_mag_ppp_1911_357_fmj,st_prt_i_scrap,x2
mag_coonan_357_ext,ext_mag_ppp_1911_357_fmj,st_prt_i_scrap,x2
mag_cz52_default,st_mag_cz52_7.62x25_p,st_prt_i_scrap,x2
mag_cz75_9x18_alt,st_mag_cz75_9x18_fmj,st_prt_i_scrap,x2
mag_cz75_9x19_default,st_mag_cz75_9x19_fmj,st_prt_i_scrap,x2
mag_deserteagal_default,st_mag_desert_eagle_357_hp,st_prt_i_scrap,x2
mag_dvl_338fed,st_mag_dvl_338,st_prt_i_scrap,x2
mag_dvl_7.62x51,st_mag_dvl_7.62x51,st_prt_i_scrap,x2
mag_fn57_default,st_mag_fn57_5.7x28_ss190,st_prt_i_scrap,x2
mag_fnp45_default,st_mag_fnp45_11.43x23_fmj,st_prt_i_scrap,x2
mag_fnx45_default,st_mag_fnx45_11.43x23_fmj,st_prt_i_scrap,x2
mag_fort_9x18_default,st_mag_fort_9x18_fmj,st_prt_i_scrap,x2
mag_fort_9x19_alt,st_mag_fort_9x19_fmj,st_prt_i_scrap,x2
mag_frasier_11.43x23_default,st_mag_mp5_11.43x23_fmj,st_prt_i_scrap,x2
mag_g36_5.56x45_default,st_mag_g36_5.56x45,st_prt_i_scrap,x2
mag_g43_7.92x33_default,st_mag_g43_7.92x33,st_prt_i_scrap,x2
mag_galil_7.62x51_default,st_mag_galil_7.62x51,st_prt_i_scrap,x2
mag_glock_9x18_alt,st_mag_glock_9x18_fmj,st_prt_i_scrap,x2
mag_glock_9x19_default,st_mag_glock_9x19_fmj,st_prt_i_scrap,x2
mag_grot,st_mag_grot,st_prt_i_scrap,x2
mag_gsh18_9x19_default,st_mag_gsh18_9x19_fmj,st_prt_i_scrap,x2
mag_hinge_7.62x51_default,st_mag_hinge_7.62x51,st_prt_i_scrap,x2
mag_hinge_7.62x51_extended,st_mag_hinge_ext_7.62x51,st_prt_i_scrap,x2
mag_hk21_7.62x51_default,st_mag_hk21_7.62x51,st_prt_i_scrap,x2
mag_hpsa_9x18_alt,st_mag_hpsa_9x18_fmj,st_prt_i_scrap,x2
mag_hpsa_9x19_default,st_mag_hpsa_9x19_fmj,st_prt_i_scrap,x2
mag_k98_7.62x51,st_mag_k98_7.62x51,st_prt_i_scrap,x2
mag_k98_7.62x54,st_mag_k98_7.62x54,st_prt_i_scrap,x2
mag_k98_7.92x33,st_mag_k98_7.92x33,st_prt_i_scrap,x2
mag_kiparis_9x18_50,st_mag_baskiparis_9x18_81,st_prt_i_scrap,x2
mag_kiparis_9x18_default,st_mag_kiparis_9x18_fmj,st_prt_i_scrap,x2
mag_kiparis_9x19_50,st_mag_baskiparis_9x19_81,st_prt_i_scrap,x2
mag_kiparis_9x19_alt,st_mag_kiparis_9x19_fmj,st_prt_i_scrap,x2
mag_kriss_11.43x23_default,mag_kriss45,st_prt_i_scrap,x2
mag_kriss_11.43x23_ext,ext_mag_kriss_drum,st_prt_i_scrap,x2
mag_kriss_9x19_default,mag_kriss9,st_prt_i_scrap,x2
mag_kriss_9x19_ext,ext_mag_kriss9_drum,st_prt_i_scrap,x2
mag_l96a1_7.62x51_default,st_mag_l96a1_7.62x51,st_prt_i_scrap,x2
mag_lancer,st_mag_lancer,st_prt_i_scrap,x2
mag_legion_9x19,st_mag_ppp_sig_9x19_fmj,st_prt_i_scrap,x2
mag_m1a1_11.43x23_default,st_mag_m1a1_11.43x23_fmj,st_prt_i_scrap,x2
mag_m249_5.56x45_default,st_mag_m249_5.56x45,st_prt_i_scrap,x2
mag_m82_12.7x55_default,st_mag_m82_12.7x55,st_prt_i_scrap,x2
mag_m98b_300_default,st_mag_m98b_magnum_300,st_prt_i_scrap,x2
mag_mac10_9x18_alt,st_mag_mac10_9x18_standard,st_prt_i_scrap,x2
mag_mac10_9x18_ext_alt,st_mag_mac10_9x18_ext,st_prt_i_scrap,x2
mag_mac10_9x19_ext,st_mag_mac10_9x19_ext,st_prt_i_scrap,x2
mag_mac10_9x19_standard,st_mag_mac10_9x19_standard,st_prt_i_scrap,x2
mag_mk23_45,st_mag_ppp_mk23_45,st_prt_i_scrap,x2
mag_mp443_9x18_alt,st_mag_mp443_9x18_fmj,st_prt_i_scrap,x2
mag_mp443_9x19_default,st_mag_mp443_9x19_fmj,st_prt_i_scrap,x2
mag_mp5_9x18_alt,st_mag_mp5_9x18_fmj,st_prt_i_scrap,x2
mag_mp5_9x18_extended,st_mag_mp5_9x18_fmjext,st_prt_i_scrap,x2
mag_mp5_9x18_extended50,st_mag_mp5_9x18_fmjext50,st_prt_i_scrap,x2
mag_mp5_9x19_default,st_mag_mp5_9x19_fmj,st_prt_i_scrap,x2
mag_mp5_9x19_extended,st_mag_mp5_9x19_fmjext,st_prt_i_scrap,x2
mag_mp5_9x19_extended50,st_mag_mp5_9x19_fmjext50,st_prt_i_scrap,x2
mag_mp7_5.7x28_default,st_mag_mp7_5.7x28_ss190,st_prt_i_scrap,x2
mag_mp7_5.7x28_small,st_mag_mp7_5.7x28_short,st_prt_i_scrap,x2
mag_mp9iwp,st_mag_mp9iwp,st_prt_i_scrap,x2
mag_mp9iwp_9x18,st_mag_mp9iwp_9x18,st_prt_i_scrap,x2
mag_mp9iwp_9x18_ext,st_mag_mp9iwp_9x18_ext,st_prt_i_scrap,x2
mag_mp9iwp_ext,st_mag_mp9iwp_ext,st_prt_i_scrap,x2
mag_nato_5.45x39_alt,st_mag_nato_5.45x39,st_prt_i_scrap,x2
mag_nato_5.56x45_casket,st_mag_nato_5.56x45_casket,st_prt_i_scrap,x2
mag_nato_5.56x45_default,st_mag_stanag,st_prt_i_scrap,x2
mag_nato_5.56x45_drum,st_mag_nato_5.56x45_drum,st_prt_i_scrap,x2
mag_nato_5.56x45_drum_ext,st_mag_nato_5.56x45_drum_ext,st_prt_i_scrap,x2
mag_nato_5.56x45_extended,st_mag_nato_5.56x45_extended,st_prt_i_scrap,x2
mag_nato_5.56x45_fast,st_mag_nato_5.56x45_fast,st_prt_i_scrap,x2
mag_nato_5.56x45_short,st_mag_stanag_short,st_prt_i_scrap,x2
mag_oc_9x18_default,st_mag_oc33_9x18_fmj,st_prt_i_scrap,x2
mag_oc_9x19_alt,st_mag_oc33_9x19_fmj,st_prt_i_scrap,x2
mag_ots_9x39_default,st_mag_groza_9x39_pab9,st_prt_i_scrap,x2
mag_p220_9x19_u2p2bas,st_mag_p220_9x19_u2p2bas,st_prt_i_scrap,x2
mag_p90_5.7x28_default,st_mag_p90_5.7x28_ss190,st_prt_i_scrap,x2
mag_p90_5.7x28_ext,st_mag_p90_ext,st_prt_i_scrap,x2
mag_pkp_pkm_default,st_mag_pkm_pkm,st_prt_i_scrap,x2
mag_pm_9x18_default,st_mag_pm_9x18_fmj,st_prt_i_scrap,x2
mag_pm_9x19_alt,st_mag_pm_9x19_fmj,st_prt_i_scrap,x2
mag_pmm_9x18_default,st_mag_pmm_9x18_fmj,st_prt_i_scrap,x2
mag_pmm_9x19_alt,st_mag_pmm_9x19_fmj,st_prt_i_scrap,x2
mag_pp2000_9x18_alt,st_mag_pp2000_9x18_fmj,st_prt_i_scrap,x2
mag_pp2000_9x18_ext_alt,st_mag_pp2000_9x18_ext,st_prt_i_scrap,x2
mag_pp2000_9x19_default,st_mag_pp2000_9x19_fmj,st_prt_i_scrap,x2
mag_pp2000_9x19_ext,st_mag_pp2000_9x19_ext,st_prt_i_scrap,x2
mag_ppsh_7.62x25_default,st_mag_ppsh41_7.62x25_p,st_prt_i_scrap,x2
mag_ppsh_7.62x25_stick,st_mag_ppsh41_7.62x25_stick,st_prt_i_scrap,x2
mag_px4_45_default,st_mag_ppp_px4_45,st_prt_i_scrap,x2
mag_px4_9x19_default,st_mag_ppp_px4_9x19_fmj,st_prt_i_scrap,x2
mag_raptr_12x76_default,mag_raptr,st_prt_i_scrap,x2
mag_rem_7.62x51_default,st_mag_remington700_7.62x51,st_prt_i_scrap,x2
mag_remington700_7.62x51,st_mag_basremington700_7.62x51,st_prt_i_scrap,x2
mag_remingtonarchangel_7.62x51,st_mag_remingtonarchangel_7.62x51,st_prt_i_scrap,x2
mag_remingtonla_300,st_mag_remingtonla_300,st_prt_i_scrap,x2
mag_remingtonla_300_gamma,st_mag_remingtonla_300,st_prt_i_scrap,x2
mag_rpd_7.62x39_default,st_mag_rpd_7.62x39,st_prt_i_scrap,x2
mag_rpk_5.45x39_default,st_mag_rpk74_5.45x39,st_prt_i_scrap,x2
mag_rpk_5.56x45_default,st_mag_rpk74_5.56x45,st_prt_i_scrap,x2
mag_rpk_7.62x39_default,st_mag_rpk_7.62x39,st_prt_i_scrap,x2
mag_rxp_9x19,st_mag_ppp_signimble_9x19_fmj,st_prt_i_scrap,x2
mag_saiga12_drum,st_mag_saiga12_drum,st_prt_i_scrap,x2
mag_saiga12s_12x70_default,st_mag_saiga12s_12x70,st_prt_i_scrap,x2
mag_saiga12s_12x70_extended,st_mag_saiga12s_ext_12x70,st_prt_i_scrap,x2
mag_sig_5.56x45_default,st_mag_sig550_5.56x45,st_prt_i_scrap,x2
mag_sig_5.56x45_sniper,st_mag_sig550_sniper_5.56x45,st_prt_i_scrap,x2
mag_sigp220_default,st_mag_sigp220_11.43x23_fmj,st_prt_i_scrap,x2
mag_sigp220_extended,st_mag_sigp220_11.43x23_fmjext,st_prt_i_scrap,x2
mag_sks_7.62x39,st_mag_sks_7.62x39,st_prt_i_scrap,x2
mag_sks_7.62x39_extended,st_mag_sksext_7.62x39,st_prt_i_scrap,x2
mag_sks_7.62x54,st_mag_sks_7.62x54,st_prt_i_scrap,x2
mag_sks_7.62x54_extended,st_mag_sks_7.62x54ext,st_prt_i_scrap,x2
mag_sr1m_9x21_default,st_mag_sr1m_9x21,st_prt_i_scrap,x2
mag_sr1m_9x21_extended,st_mag_sr1m_9x21ext,st_prt_i_scrap,x2
mag_sr2m_9x21_veresk,st_mag_sr2m_9x21_veresk,st_prt_i_scrap,x2
mag_stanag_7.62x51_default,st_mag_stanag_7.62x51,st_prt_i_scrap,x2
mag_stanag_7.62x51_extended,st_mag_stanag_7.62x51_ext,st_prt_i_scrap,x2
mag_stanag_7.62x51_fast,st_mag_stanag_fast_7.62x51,st_prt_i_scrap,x2
mag_stanag_7.62x51_short,st_mag_stanag_7.62x51_short,st_prt_i_scrap,x2
mag_steyr_556,st_mag_steyr_556,st_prt_i_scrap,x2
mag_steyr_762,st_mag_steyr_762,st_prt_i_scrap,x2
mag_sv98_7.62x54_default,st_mag_sv98_7.62x54,st_prt_i_scrap,x2
mag_svd_7.62x54_default,st_mag_svd_7.62x54,st_prt_i_scrap,x2
mag_svd_7.62x54_extended,st_mag_svd_7.62x54_extended,st_prt_i_scrap,x2
mag_svt_7.62x39_alt,st_mag_svt40_7.62x39,st_prt_i_scrap,x2
mag_svt_7.62x54_default,st_mag_svt40_7.62x54,st_prt_i_scrap,x2
mag_t63_7.62x39_default,st_mag_type63_7.62x39,st_prt_i_scrap,x2
mag_t63_7.62x54_alt,st_mag_type63_7.62x54,st_prt_i_scrap,x2
mag_tt33_7.62x25_default,st_mag_tt33_7.62x25_p,st_prt_i_scrap,x2
mag_tt33_7.62x25_ext,st_mag_tt33_7.62x25_p,st_prt_i_scrap,x2
mag_ump45_11.43x23_default,st_mag_ump45_11.43x23_fmj,st_prt_i_scrap,x2
mag_usas12_12x70_default,st_mag_usas12_12x70,st_prt_i_scrap,x2
mag_usp_11.43x23_default,st_mag_usp_11.43x23_fmj,st_prt_i_scrap,x2
mag_usptac_9x19,st_mag_usptac_9x19_fmj,st_prt_i_scrap,x2
mag_usptac_9x19_extended,st_mag_usptac_9x19_fmjext,st_prt_i_scrap,x2
mag_uzi_9x19_default,st_mag_uzi_9x19,st_prt_i_scrap,x2
mag_uzi_9x19_extended,st_mag_uzi_9x19_extended,st_prt_i_scrap,x2
mag_val_9x39_default,st_mag_val_9x39_pab9,st_prt_i_scrap,x2
mag_vepr_12x70_compact,st_mag_vepr_compact_12x70,st_prt_i_scrap,x2
mag_vepr_12x70_default,st_mag_vepr_12x70,st_prt_i_scrap,x2
mag_vihr_9x39_default,st_mag_vihr_9x39_pab9,st_prt_i_scrap,x2
mag_vityaz_9x18_alt,st_mag_vityaz_9x18_fmj,st_prt_i_scrap,x2
mag_vityaz_9x19_default,st_mag_vityaz_9x19_fmj,st_prt_i_scrap,x2
mag_vsk_12.7x55_default,st_mag_vssk_12.7x55,st_prt_i_scrap,x2
mag_vsk_9x39_default,st_mag_vsk94_9x39_pab9,st_prt_i_scrap,x2
mag_vss_9x39_default,st_mag_vintorez_9x39_pab9,st_prt_i_scrap,x2
mag_vz61_9x18_alt,st_mag_vz61_9x18_fmj,st_prt_i_scrap,x2
mag_vz61_9x19_default,st_mag_vz61_9x19_fmj,st_prt_i_scrap,x2
mag_wa_7.62x51_default,st_mag_wa2000_7.62x51,st_prt_i_scrap,x2
mag_wp99_9x19,st_mag_wp99_9x19_fmj,st_prt_i_scrap,x2
mag_wp99_9x19_extended,st_mag_wp99_9x19_fmjext,st_prt_i_scrap,x2
mag_xd9_9x19_default,st_ppp_xd9_9x19_fmj,st_prt_i_scrap,x2
medkit,st_medkit,st_e_syringe,x2,st_prt_i_paper,x1,st_prt_i_textolite,x1
medkit_army,st_medkit_army,st_prt_i_plastic,x2,st_bandage,x1,st_e_syringe,x1,st_prt_i_textolite,x1
medkit_scientic,st_medkit_science,st_e_syringe,x2,st_prt_i_plastic,x2,st_bandage,x1,st_prt_i_textolite,x1
meinkampf,st_meinkampf,st_prt_i_paper,x1
mine_new,st_mine_name,st_prt_i_fasteners,x1,st_prt_i_scrap,x1
mirror,st_mirror,st_prt_i_fasteners,x1,st_prt_i_scrap,x1
morphine,st_morphine,st_e_syringe,x1
porn,st_porn,st_prt_i_paper,x6
porn2,st_porn2,st_prt_i_paper,x6
prt_o_support_1,st_prt_o_support_1,st_prt_i_fasteners,x2,st_prt_i_scrap,x2
radio,st_radio,st_prt_i_resistors,x1,st_prt_i_fasteners,x1,st_prt_i_transistors,x1
radio2,st_radio2,st_prt_i_resistors,x1,st_prt_i_copper,x1,st_prt_i_capacitors,x1
rebirth,st_rebirth,st_e_syringe,x1
recipe_advanced_1,st_gamma_recipe_advanced_1,st_prt_i_paper,x1
recipe_advanced_2,st_gamma_recipe_advanced_2,st_prt_i_paper,x1
recipe_advanced_3,st_gamma_recipe_advanced_3,st_prt_i_paper,x1
recipe_advanced_4,st_gamma_recipe_advanced_4,st_prt_i_paper,x1
recipe_basic_1,st_gamma_recipe_basic_1,st_prt_i_paper,x1
recipe_basic_2,st_gamma_recipe_basic_2,st_prt_i_paper,x1
recipe_basic_3,st_gamma_recipe_basic_3,st_prt_i_paper,x1
recipe_basic_4,st_gamma_recipe_basic_4,st_prt_i_paper,x1
recipe_drug_1,st_recipe_drug_1,st_prt_i_paper,x1
recipe_drug_2,st_recipe_drug_2,st_prt_i_paper,x1
recipe_drug_3,st_recipe_drug_3,st_prt_i_paper,x1
recipe_drug_4,st_recipe_drug_4,st_prt_i_paper,x1
recipe_expert_1,st_gamma_recipe_expert_1,st_prt_i_paper,x1
recipe_expert_2,st_gamma_recipe_expert_2,st_prt_i_paper,x1
recipe_expert_3,st_gamma_recipe_expert_3,st_prt_i_paper,x1
recipe_expert_4,st_gamma_recipe_expert_4,st_prt_i_paper,x1
salicidic_acid,st_salicidic_acid,st_e_syringe,x1
shovel_mili,st_shovel_mili,st_prt_i_wood,x4,st_prt_i_scrap,x3
shovel_old,st_shovel_old,st_prt_i_wood,x4,st_prt_i_scrap,x3
solvent,st_solvent,st_prt_i_textolite,x1,st_prt_o_fabrics_4,x1,st_jar,x1
stimpack,st_stim_impro,st_e_syringe,x1,st_prt_i_plastic,x1
stimpack_army,st_stim_military,st_e_syringe,x1,st_prt_i_plastic,x1
stimpack_scientic,st_stim_scientic,st_e_syringe,x2,st_prt_i_plastic,x1
survival_kit,st_survival_kit,st_e_syringe,x1,st_prt_i_plastic,x1,st_prt_i_paper,x1,st_prt_i_textolite,x1,st_medkit_army,x1,st_bandage,x1
synthrope,st_synthrope,st_rope,x2
tarpaulin,st_tarpaulin,st_prt_i_plastic,x2,st_prt_o_fabrics_2,x1,st_prt_o_fabrics_4,x1
tetanus,st_tetanus,st_e_syringe,x1
tomato,st_tomato,st_prt_i_scrap,x1
tushonka,st_tushonka,st_prt_i_scrap,x1
uh1_magd,st_addon_scope_razor_mag,st_addon_scope_mag,x1,st_addon_scope_razor,x1
underwear,st_underwear,st_prt_o_fabrics_2,x1
walkie,st_walkie,st_prt_i_resistors,x1,st_prt_i_fasteners,x1,st_prt_i_transistors,x1
wpn_binoc,st_binocular_name,st_prt_i_fasteners,x1,st_prt_i_scrap,x1,st_prt_i_capacitors,x1,st_prt_i_resistors,x1
wpn_binoc_inv,st_binocular_name,st_prt_i_fasteners,x1,st_prt_i_scrap,x1,st_prt_i_capacitors,x1,st_prt_i_resistors,x1
yadylin,st_yadylin,st_jar,x1
