id,texture,width,height,x,y
army_nosorog_outfit,ui\ui_crepis_helmetless,100,150,100,750
army_outfit,ui\ui_icon_equipment,100,100,4800,0
bandit_exo_outfit,ui\ui_crepis_helmetless,100,150,200,600
bandit_exolight_outfit,ui\ui_crepis_helmetless,100,150,800,0
bandit_nbc_outfit,ui\ui_crepis_helmetless,100,150,100,150
bandit_novice_outfit,ui\ui_icon_equipment,100,100,4100,400
bandit_novice_outfit_alt,ui\ui_icon_equipment,100,100,4100,500
bandit_ps5_outfit,ui\ui_icon_equipment,100,150,4700,600
bandit_scientific_dark_outfit,ui\ui_crepis_helmetless,100,150,500,450
bandit_scientific_outfit,ui\ui_crepis_helmetless,100,150,1500,450
bandit_sun_outfit,ui\ui_icon_equipment,100,150,4500,300
banditmerc_outfit,ui\ui_icon_equipment,100,150,4600,600
cs_exo_outfit,ui\ui_crepis_helmetless,100,150,800,600
cs_exolight_outfit,ui\ui_crepis_helmetless,100,150,500,0
cs_heavy_outfit,ui\ui_icon_equipment,100,150,5800,150
cs_light_novice_outfit,ui\ui_icon_equipment,100,150,5800,0
cs_light_outfit,ui\ui_icon_equipment,100,150,4600,1200
cs_medium_outfit,ui\ui_icon_equipment,100,150,4600,1350
cs_nbc_outfit,ui\ui_crepis_helmetless,100,150,500,150
cs_novice_outfit,ui\ui_icon_equipment,100,100,4100,300
cs_scientific_outfit,ui\ui_crepis_helmetless,100,150,400,450
cs_scientific_outfit_good,ui\ui_crepis_helmetless,100,150,1300,450
cs_stalker_outfit,ui\ui_icon_equipment,100,150,4400,600
cs_stalker_proto_exo_outfit,ui\ui_icon_equipment,100,150,5200,900
dolg_exo_outfit,ui\ui_crepis_helmetless,100,150,500,600
dolg_exolight_outfit,ui\ui_crepis_helmetless,100,150,200,0
dolg_heavy_outfit,ui\ui_icon_equipment,100,150,5100,900
dolg_heavy_proto_exo_outfit,ui\ui_icon_equipment,100,150,5200,600
dolg_heavy_redline_outfit,ui\ui_icon_equipment,100,150,5100,1050
dolg_nosorog_outfit,ui\ui_crepis_helmetless,100,150,0,750
dolg_novice_outfit,ui\ui_icon_equipment,100,100,4100,600
dolg_outfit,ui\ui_icon_equipment,100,150,4700,0
dolg_pantsir_outfit,ui\ui_icon_equipment,100,150,5800,300
dolg_proto_exo_outfit,ui\ui_icon_equipment,100,150,5200,300
dolg_red_outfit,ui\ui_icon_equipment,100,150,4700,300
dolg_scientific_outfit,ui\ui_crepis_helmetless,100,150,100,450
dolg_scientific_red_outfit,ui\ui_crepis_helmetless,100,150,700,450
dolg_scientific_wood_outfit,ui\ui_crepis_helmetless,100,150,800,450
dolg_scout_outfit,ui\ui_icon_equipment,100,150,4700,150
dolg_specops_red_outfit,ui\ui_icon_equipment,100,150,4800,400
dolg_voin_outfit,ui\ui_icon_equipment,100,150,4600,1050
ecolog_exo_outfit,ui\ui_crepis_helmetless,100,150,700,600
ecolog_guard_outfit,ui\ui_icon_equipment,100,150,4400,450
ecolog_outfit_blue,ui\ui_crepis_helmetless,100,150,300,300
ecolog_outfit_green,ui\ui_crepis_helmetless,100,150,100,300
ecolog_outfit_orange,ui\ui_crepis_helmetless,100,150,0,300
ecolog_outfit_red,ui\ui_crepis_helmetless,100,150,500,300
ecolog_outfit_white,ui\ui_crepis_helmetless,100,150,200,300
ecolog_outfit_yello,ui\ui_crepis_helmetless,100,150,400,300
ecolog_proto_exo_outfit,ui\ui_icon_equipment,100,150,5200,1050
exo_dolg_outfit,ui\ui_crepis_helmetless,100,150,200,0
exo_dolg_red_outfit,ui\ui_crepis_helmetless,100,150,1400,0
exo_dolg_urban_outfit,ui\ui_crepis_helmetless,100,150,1600,0
exo_dolg_wood_outfit,ui\ui_crepis_helmetless,100,150,1500,0
exo_merc_grass_outfit,ui\ui_crepis_helmetless,100,150,1300,0
exo_merc_urban_outfit,ui\ui_crepis_helmetless,100,150,1100,0
exo_merc_wood_outfit,ui\ui_crepis_helmetless,100,150,1200,0
exo_outfit,ui\ui_crepis_helmetless,100,150,0,600
exo_wood_outfit,ui\ui_crepis_helmetless,100,150,700,0
exolight_outfit,ui\ui_crepis_helmetless,100,150,0,0
freedom_exo_vineleaf_outfit,ui\ui_crepis_helmetless,100,150,900,0
freedom_nosorog_outfit,ui\ui_crepis_helmetless,100,150,300,750
ghillie_outfit,ui\ui_icon_equipment,100,150,5800,450
greh_armored_camo_outfit,ui\ui_icon_equipment,100,150,4600,1650
greh_armored_outfit,ui\ui_icon_equipment,100,150,4600,1500
greh_exo_outfit,ui\ui_crepis_helmetless,100,150,1000,600
greh_ps5_outfit,ui\ui_icon_equipment,100,150,4700,750
greh_trenchcoat_outfit,ui\ui_icon_equipment,100,150,4200,300
helm_ach7,ui\ui_icon_equipment,100,100,4000,300
helm_ach7ex,ui\ui_icon_equipment,100,100,4000,800
helm_bandana,ui\ui_icon_equipment,100,100,4000,200
helm_battle,ui\ui_icon_equipment,100,100,4000,600
helm_cloth_mask,ui\ui_icon_equipment,100,100,4000,0
helm_exo,ui\ui_icon_equipment,100,100,4000,900
helm_hardhat,ui\ui_icon_equipment,100,100,4000,400
helm_hardhat_snag,ui\ui_icon_equipment,100,100,4000,400
helm_m40,ui\ui_icon_equipment,100,100,3900,400
helm_m50,ui\ui_icon_equipment,100,100,3900,700
helm_metro,ui\ui_icon_equipment,100,100,4000,1000
helm_ppm88,ui\ui_icon_equipment,100,100,3900,600
helm_protective,ui\ui_icon_equipment,100,100,3900,500
helm_ranger,ui\ui_icon_equipment,100,100,3900,800
helm_resp,ui\ui_icon_equipment,100,100,3900,0
helm_respirator,ui\ui_icon_equipment,100,100,3900,100
helm_respirator_gp5,ui\ui_icon_equipment,100,100,3900,300
helm_respirator_old,ui\ui_icon_equipment,100,100,3900,200
helm_rp_bala,ui\ui_icon_equipment,100,100,4000,100
helm_spartan,ui\ui_icon_equipment,100,100,4000,1100
helm_tactic,ui\ui_icon_equipment,100,100,4000,500
hybrid_outfit,ui\ui_crepis_helmetless,100,150,1600,450
isg_camo_outfit,ui\ui_icon_equipment,100,150,4500,1050
isg_exo_outfit,ui\ui_crepis_helmetless,100,150,1100,600
isg_exolight_outfit,ui\ui_crepis_helmetless,100,150,600,0
isg_lcs_camo_outfit,ui\ui_icon_equipment,100,150,4600,2100
isg_lcs_outfit,ui\ui_icon_equipment,100,150,4600,1950
isg_lcs_urban_outfit,ui\ui_icon_equipment,100,150,4600,2250
isg_nosorog_outfit,ui\ui_crepis_helmetless,100,150,500,750
isg_outfit,ui\ui_icon_equipment,100,150,4500,900
isg_proto_exo_outfit,ui\ui_icon_equipment,100,150,5200,1200
isg_scientific_outfit,ui\ui_crepis_helmetless,100,150,1000,450
light_dolg_outfit,ui\ui_icon_equipment,100,150,4900,600
light_freedom_outfit,ui\ui_icon_equipment,100,150,4900,750
light_isg_outfit,ui\ui_icon_equipment,100,150,4900,900
light_loner_outfit,ui\ui_icon_equipment,100,150,4900,450
light_merc_outfit,ui\ui_icon_equipment,100,150,4900,0
light_monolit_outfit,ui\ui_icon_equipment,100,150,4900,150
light_voen_outfit,ui\ui_icon_equipment,100,150,4900,300
merc_ace_outfit,ui\ui_icon_equipment,100,150,5400,1800
merc_combat_scientific_outfit,ui\ui_crepis_helmetless,100,150,1200,450
merc_coyote_outfit,ui\ui_icon_equipment,100,150,4600,450
merc_exo_outfit,ui\ui_crepis_helmetless,100,150,300,600
merc_exolight_outfit,ui\ui_crepis_helmetless,100,150,1000,0
merc_fighter_outfit,ui\ui_icon_equipment,100,150,4600,150
merc_jackal_outfit,ui\ui_icon_equipment,100,150,4600,300
merc_nighthunter_outfit,ui\ui_icon_equipment,100,150,4500,750
merc_nosorog_outfit,ui\ui_crepis_helmetless,100,150,200,750
merc_outfit,ui\ui_icon_equipment,100,150,4600,0
merc_scientific_armored_outfit,ui\ui_crepis_helmetless,100,150,1400,450
merc_scientific_outfit,ui\ui_crepis_helmetless,100,150,200,450
merc_scout_outfit,ui\ui_icon_equipment,100,150,4600,750
merc_sun_outfit,ui\ui_icon_equipment,100,150,4500,450
merc_sunset_outfit,ui\ui_icon_equipment,100,150,4600,900
merc_wolven_outfit,ui\ui_icon_equipment,100,150,4500,600
military_bandit_outfit,ui\ui_icon_equipment,100,150,5100,300
military_exo_outfit,ui\ui_crepis_helmetless,100,150,600,600
military_exolight_outfit,ui\ui_crepis_helmetless,100,150,400,0
military_freedom_outfit,ui\ui_icon_equipment,100,150,5100,600
military_merc_outfit,ui\ui_icon_equipment,100,150,5100,150
military_monolit_outfit,ui\ui_icon_equipment,100,150,5100,450
military_outfit,ui\ui_icon_equipment,100,150,5100,0
military_proto_exo_outfit,ui\ui_icon_equipment,100,150,5200,450
military_sky_outfit,ui\ui_icon_equipment,100,150,5100,750
monolith_exo_outfit,ui\ui_crepis_helmetless,100,150,400,600
monolith_exolight_outfit,ui\ui_crepis_helmetless,100,150,300,0
monolith_nbc_outfit,ui\ui_crepis_helmetless,100,150,400,150
monolith_nosorog_outfit,ui\ui_crepis_helmetless,100,150,400,750
monolith_outfit,ui\ui_icon_equipment,100,150,4500,150
monolith_proto_exo_outfit,ui\ui_icon_equipment,100,150,5200,750
monolith_scientific_light_outfit,ui\ui_crepis_helmetless,100,150,600,450
monolith_scientific_outfit,ui\ui_crepis_helmetless,100,150,900,450
monolith_trenchcoat_outfit,ui\ui_icon_equipment,100,150,4200,750
nbc_dolg_outfit,ui\ui_crepis_helmetless,100,150,300,150
nbc_freedom_outfit,ui\ui_crepis_helmetless,100,150,200,150
nbc_merc_outfit,ui\ui_crepis_helmetless,100,150,600,150
nbc_outfit,ui\ui_crepis_helmetless,100,150,0,150
nomad_outfit,ui\ui_icon_equipment,100,150,4300,0
novice_outfit,ui\ui_icon_equipment,100,100,4100,0
novice_outfit_camo,ui\ui_icon_equipment,100,100,4100,100
novice_outfit_tourist,ui\ui_icon_equipment,100,100,4100,200
prt_o_ballistic_1,ui\ui_armor_parts_icons,50,50,400,0
prt_o_ballistic_10,ui\ui_armor_parts_icons,50,50,200,200
prt_o_ballistic_11,ui\ui_armor_parts_icons,50,50,400,250
prt_o_ballistic_12,ui\ui_armor_parts_icons,50,50,450,250
prt_o_ballistic_13,ui\ui_armor_parts_icons,50,50,150,300
prt_o_ballistic_14,ui\ui_armor_parts_icons,50,50,200,300
prt_o_ballistic_15,ui\ui_armor_parts_icons,50,50,150,350
prt_o_ballistic_16,ui\ui_armor_parts_icons,50,50,200,350
prt_o_ballistic_17,ui\ui_armor_parts_icons,50,50,400,400
prt_o_ballistic_18,ui\ui_armor_parts_icons,50,50,200,400
prt_o_ballistic_19,ui\ui_armor_parts_icons,50,50,150,450
prt_o_ballistic_2,ui\ui_armor_parts_icons,50,50,450,0
prt_o_ballistic_20,ui\ui_armor_parts_icons,50,50,200,450
prt_o_ballistic_3,ui\ui_armor_parts_icons,50,50,400,50
prt_o_ballistic_4,ui\ui_armor_parts_icons,50,50,450,50
prt_o_ballistic_5,ui\ui_armor_parts_icons,50,50,150,100
prt_o_ballistic_6,ui\ui_armor_parts_icons,50,50,200,100
prt_o_ballistic_7,ui\ui_armor_parts_icons,50,50,400,150
prt_o_ballistic_8,ui\ui_armor_parts_icons,50,50,450,150
prt_o_ballistic_9,ui\ui_armor_parts_icons,50,50,150,200
prt_o_fabrics_1,ui\ui_armor_parts_icons,50,50,0,0
prt_o_fabrics_2,ui\ui_armor_parts_icons,50,50,0,50
prt_o_fabrics_3,ui\ui_armor_parts_icons,50,50,0,100
prt_o_fabrics_4,ui\ui_armor_parts_icons,50,50,0,150
prt_o_retardant_1,ui\ui_armor_parts_icons,50,50,50,0
prt_o_retardant_10,ui\ui_armor_parts_icons,50,50,350,200
prt_o_retardant_11,ui\ui_armor_parts_icons,50,50,300,250
prt_o_retardant_12,ui\ui_armor_parts_icons,50,50,350,250
prt_o_retardant_13,ui\ui_armor_parts_icons,50,50,50,300
prt_o_retardant_14,ui\ui_armor_parts_icons,50,50,100,300
prt_o_retardant_15,ui\ui_armor_parts_icons,50,50,300,350
prt_o_retardant_16,ui\ui_armor_parts_icons,50,50,350,350
prt_o_retardant_17,ui\ui_armor_parts_icons,50,50,50,400
prt_o_retardant_18,ui\ui_armor_parts_icons,50,50,100,400
prt_o_retardant_19,ui\ui_armor_parts_icons,50,50,300,450
prt_o_retardant_2,ui\ui_armor_parts_icons,50,50,100,0
prt_o_retardant_20,ui\ui_armor_parts_icons,50,50,350,450
prt_o_retardant_3,ui\ui_armor_parts_icons,50,50,300,50
prt_o_retardant_4,ui\ui_armor_parts_icons,50,50,350,50
prt_o_retardant_5,ui\ui_armor_parts_icons,50,50,50,100
prt_o_retardant_6,ui\ui_armor_parts_icons,50,50,100,100
prt_o_retardant_7,ui\ui_armor_parts_icons,50,50,50,150
prt_o_retardant_8,ui\ui_armor_parts_icons,50,50,100,150
prt_o_retardant_9,ui\ui_armor_parts_icons,50,50,300,200
prt_o_support_1,ui\ui_icon_equipment,100,50,3550,2600
prt_w_barrel_1,ui\ui_tisk_weapon_parts,150,50,350,0
prt_w_barrel_10,ui\ui_tisk_weapon_parts,150,50,350,450
prt_w_barrel_11,ui\ui_tisk_weapon_parts,150,50,350,500
prt_w_barrel_12,ui\ui_tisk_weapon_parts,150,50,350,550
prt_w_barrel_13,ui\ui_tisk_weapon_parts,150,50,350,600
prt_w_barrel_2,ui\ui_tisk_weapon_parts,150,50,350,50
prt_w_barrel_3,ui\ui_tisk_weapon_parts,150,50,350,100
prt_w_barrel_4,ui\ui_tisk_weapon_parts,150,50,350,150
prt_w_barrel_5,ui\ui_tisk_weapon_parts,150,50,350,200
prt_w_barrel_6,ui\ui_tisk_weapon_parts,150,50,350,250
prt_w_barrel_7,ui\ui_tisk_weapon_parts,150,50,350,300
prt_w_barrel_8,ui\ui_tisk_weapon_parts,150,50,350,350
prt_w_barrel_9,ui\ui_tisk_weapon_parts,150,50,350,400
prt_w_bolt_1,ui\ui_tisk_weapon_parts,50,50,200,0
prt_w_bolt_10,ui\ui_tisk_weapon_parts,50,50,200,450
prt_w_bolt_11,ui\ui_tisk_weapon_parts,50,50,200,500
prt_w_bolt_12,ui\ui_tisk_weapon_parts,50,50,200,550
prt_w_bolt_13,ui\ui_tisk_weapon_parts,50,50,200,600
prt_w_bolt_14,ui\ui_tisk_weapon_parts,50,50,250,500
prt_w_bolt_15,ui\ui_tisk_weapon_parts,50,50,300,550
prt_w_bolt_16,ui\ui_tisk_weapon_parts,50,50,250,550
prt_w_bolt_17,ui\ui_tisk_weapon_parts,50,50,250,600
prt_w_bolt_2,ui\ui_tisk_weapon_parts,50,50,200,50
prt_w_bolt_3,ui\ui_tisk_weapon_parts,50,50,200,100
prt_w_bolt_4,ui\ui_tisk_weapon_parts,50,50,200,150
prt_w_bolt_5,ui\ui_tisk_weapon_parts,50,50,200,200
prt_w_bolt_6,ui\ui_tisk_weapon_parts,50,50,200,250
prt_w_bolt_7,ui\ui_tisk_weapon_parts,50,50,200,300
prt_w_bolt_8,ui\ui_tisk_weapon_parts,50,50,200,350
prt_w_bolt_9,ui\ui_tisk_weapon_parts,50,50,200,400
prt_w_bolt_carrier_1,ui\ui_tisk_weapon_parts,50,50,250,0
prt_w_bolt_carrier_10,ui\ui_tisk_weapon_parts,50,50,250,450
prt_w_bolt_carrier_11,ui\ui_tisk_weapon_parts,50,50,300,500
prt_w_bolt_carrier_2,ui\ui_tisk_weapon_parts,50,50,250,50
prt_w_bolt_carrier_3,ui\ui_tisk_weapon_parts,50,50,250,100
prt_w_bolt_carrier_4,ui\ui_tisk_weapon_parts,50,50,250,150
prt_w_bolt_carrier_5,ui\ui_tisk_weapon_parts,50,50,250,200
prt_w_bolt_carrier_6,ui\ui_tisk_weapon_parts,50,50,250,250
prt_w_bolt_carrier_7,ui\ui_tisk_weapon_parts,50,50,250,300
prt_w_bolt_carrier_8,ui\ui_tisk_weapon_parts,50,50,250,350
prt_w_bolt_carrier_9,ui\ui_tisk_weapon_parts,50,50,250,400
prt_w_gas_tube_1,ui\ui_tisk_weapon_parts,50,50,300,0
prt_w_gas_tube_10,ui\ui_tisk_weapon_parts,50,50,300,450
prt_w_gas_tube_11,ui\ui_tisk_weapon_parts,50,50,300,600
prt_w_gas_tube_2,ui\ui_tisk_weapon_parts,50,50,300,50
prt_w_gas_tube_3,ui\ui_tisk_weapon_parts,50,50,300,100
prt_w_gas_tube_4,ui\ui_tisk_weapon_parts,50,50,300,150
prt_w_gas_tube_5,ui\ui_tisk_weapon_parts,50,50,300,200
prt_w_gas_tube_6,ui\ui_tisk_weapon_parts,50,50,300,250
prt_w_gas_tube_7,ui\ui_tisk_weapon_parts,50,50,300,300
prt_w_gas_tube_8,ui\ui_tisk_weapon_parts,50,50,300,350
prt_w_gas_tube_9,ui\ui_tisk_weapon_parts,50,50,300,400
prt_w_p_barrel_1,ui\ui_tisk_weapon_parts,50,50,100,0
prt_w_p_barrel_2,ui\ui_tisk_weapon_parts,50,50,100,50
prt_w_p_barrel_3,ui\ui_tisk_weapon_parts,50,50,100,100
prt_w_p_barrel_4,ui\ui_tisk_weapon_parts,50,50,100,150
prt_w_p_barrel_5,ui\ui_tisk_weapon_parts,50,50,100,200
prt_w_p_barrel_6,ui\ui_tisk_weapon_parts,50,50,100,250
prt_w_p_barrel_7,ui\ui_tisk_weapon_parts,50,50,100,300
prt_w_p_spring_1,ui\ui_tisk_weapon_parts,50,50,0,0
prt_w_p_spring_2,ui\ui_tisk_weapon_parts,50,50,0,50
prt_w_p_spring_3,ui\ui_tisk_weapon_parts,50,50,0,100
prt_w_p_spring_4,ui\ui_tisk_weapon_parts,50,50,0,150
prt_w_p_spring_5,ui\ui_tisk_weapon_parts,50,50,0,200
prt_w_p_spring_6,ui\ui_tisk_weapon_parts,50,50,0,250
prt_w_p_trigger_1,ui\ui_tisk_weapon_parts,50,50,50,0
prt_w_p_trigger_2,ui\ui_tisk_weapon_parts,50,50,50,50
prt_w_p_trigger_3,ui\ui_tisk_weapon_parts,50,50,50,100
prt_w_p_trigger_4,ui\ui_tisk_weapon_parts,50,50,50,150
prt_w_trigger_components_1,ui\ui_tisk_weapon_parts,50,50,150,0
prt_w_trigger_components_2,ui\ui_tisk_weapon_parts,50,50,150,50
prt_w_trigger_components_3,ui\ui_tisk_weapon_parts,50,50,150,100
prt_w_trigger_components_4,ui\ui_tisk_weapon_parts,50,50,150,150
prt_w_trigger_components_5,ui\ui_tisk_weapon_parts,50,50,150,200
prt_w_trigger_components_6,ui\ui_tisk_weapon_parts,50,50,150,250
redline_novice_outfit,ui\ui_icon_equipment,100,100,4100,1000
renegade_exo_outfit,ui\ui_crepis_helmetless,100,150,900,600
renegade_scientific_outfit,ui\ui_crepis_helmetless,100,150,1100,450
renegademerc_outfit,ui\ui_icon_equipment,100,150,4600,1800
scientific_outfit,ui\ui_crepis_helmetless,100,150,0,450
specops_bandit_outfit,ui\ui_icon_equipment,100,150,4800,550
specops_dolg_outfit,ui\ui_icon_equipment,100,150,4800,250
specops_merc_outfit,ui\ui_icon_equipment,100,150,4800,700
specops_outfit,ui\ui_icon_equipment,100,150,4800,100
stalker_autumn_outfit,ui\ui_icon_equipment,100,150,4400,1650
stalker_bear_outfit,ui\ui_icon_equipment,100,150,4400,750
stalker_drought_outfit,ui\ui_icon_equipment,100,150,4400,1350
stalker_graphite_outfit,ui\ui_icon_equipment,100,150,4400,1050
stalker_outfit,ui\ui_icon_equipment,100,150,4400,0
stalker_predator_outfit,ui\ui_icon_equipment,100,150,4400,1500
stalker_proto_exo_outfit,ui\ui_icon_equipment,100,150,5200,0
stalker_salamander_outfit,ui\ui_icon_equipment,100,150,4400,900
stalker_tigerstripe_outfit,ui\ui_icon_equipment,100,150,4400,1200
svoboda_exo_outfit,ui\ui_crepis_helmetless,100,150,100,600
svoboda_exolight_outfit,ui\ui_crepis_helmetless,100,150,100,0
svoboda_heavy_outfit,ui\ui_icon_equipment,100,150,4800,850
svoboda_heavy_outfit_2,ui\ui_icon_equipment,100,150,4700,450
svoboda_light_outfit,ui\ui_icon_equipment,100,150,4500,0
svoboda_light_proto_exo_outfit,ui\ui_icon_equipment,100,150,5200,150
svoboda_novice_outfit,ui\ui_icon_equipment,100,100,4100,700
svoboda_scientific_outfit,ui\ui_crepis_helmetless,100,150,300,450
travel_outfit,ui\ui_icon_equipment,100,150,4300,300
trenchcoat_brown_outfit,ui\ui_icon_equipment,100,150,4200,150
trenchcoat_dolg_brown_outfit,ui\ui_icon_equipment,100,150,4200,450
trenchcoat_freedom_brown_outfit,ui\ui_icon_equipment,100,150,4200,600
trenchcoat_green_outfit,ui\ui_icon_equipment,100,150,4200,900
trenchcoat_outfit,ui\ui_icon_equipment,100,150,4200,0
wastelander_outfit,ui\ui_crepis_helmetless,100,150,700,150
wpn_9a91,ui\ui_crepis_ninefamilyguns,200,100,50,0
wpn_abakan,ui\ui_icon_bas,250,100,150,500
wpn_abakan_n,ui\ui_icon_bas,250,100,150,500
wpn_ace21,ui\ui_icon_ace52,250,100,0,0
wpn_ace52,ui\ui_icon_ace52,250,100,0,0
wpn_adar2_15,ui\ui_icon_bas,250,100,450,1800
wpn_aek,ui\ui_icon_equipment,250,100,1000,600
wpn_ak,ui\ui_icon_equipment,250,100,1250,900
wpn_ak101,ui\ui_icon_equipment,250,100,1750,500
wpn_ak101_camo,ui\ui_icon_equipment,250,100,1750,600
wpn_ak102,ui\ui_icon_equipment,250,100,1750,500
wpn_ak103,ui\ui_icon_equipment,250,100,1500,600
wpn_ak103_camo,ui\ui_icon_equipment,250,100,1500,700
wpn_ak104,ui\ui_icon_bas,250,100,400,900
wpn_ak104_alfa,ui\ui_icon_bas,250,100,400,900
wpn_ak105,ui\ui_icon_equipment,250,100,1000,1100
wpn_ak105_shakal,ui\ui_icon_ak105_redo,250,100,0,0
wpn_ak105_sp,ui\ui_icon_bas,200,100,400,200
wpn_ak105_swamp,ui\ui_icon_ak105_redo,250,100,0,100
wpn_ak12,ui\ui_icon_bas,250,100,150,400
wpn_ak12_custom,ui\ui_icon_bas,250,100,850,0
wpn_ak12_custom_mono_kit,ui\ui_icon_bas,250,100,850,100
wpn_ak12_m1,ui\ui_icon_bas,250,100,150,400
wpn_ak5c_bas,ui\ui_new_ak5c,250,100,0,0
wpn_ak5c_bas_5c_tik,ui\ui_new_ak5c,250,100,0,100
wpn_ak5c_isg,ui\ui_icon_bas,250,100,800,1100
wpn_ak74,ui\ui_icon_equipment,250,100,1000,0
wpn_ak74_isg,ui\ui_icon_isg_ak,250,100,0,200
wpn_ak74_n,ui\ui_icon_bas,250,100,600,800
wpn_ak74_pmc,ui\ui_icon_bas,250,100,150,300
wpn_ak74m,ui\ui_icon_equipment,250,100,1500,0
wpn_ak74m_beard,ui\ui_icon_bas,250,100,150,0
wpn_ak74m_camo,ui\ui_icon_equipment,250,100,1500,0
wpn_ak74m_n,ui\ui_icon_bas,250,100,850,500
wpn_ak74u,ui\ui_icon_equipment,200,100,2000,2900
wpn_ak74u_isg,ui\ui_icon_isg_ak,200,100,0,0
wpn_ak74u_m1_isg,ui\ui_icon_isg_ak,200,100,0,100
wpn_ak74u_n1,ui\ui_icon_bas,200,100,400,500
wpn_ak74u_tac,ui\ui_icon_bas,200,100,400,300
wpn_akm,ui\ui_icon_equipment,250,100,1750,0
wpn_akm_alfa,ui\ui_icon_alfa,250,100,0,0
wpn_akm_bas,ui\ui_icon_bas,250,100,900,1300
wpn_akm_isg,ui\ui_icon_isg_ak,250,100,0,300
wpn_akms,ui\ui_icon_equipment,250,100,1750,200
wpn_akms_alt,ui\ui_icon_equipment,250,100,1750,300
wpn_akms_bas,ui\ui_icon_bas,250,100,400,1500
wpn_aks,ui\ui_icon_equipment,250,100,1250,1000
wpn_aks74_new,ui\ui_icon_equipment,250,100,1000,0
wpn_am17,ui\rwapam17_weapon_icons,250,100,0,0
wpn_amb17,ui\rwapam17_weapon_icons,250,100,0,100
wpn_aps,ui\ui_icon_equipment,100,50,3850,3900
wpn_aps_bas,ui\ui_icon_bas,100,50,3300,50
wpn_aps_bas_apsabigo,ui\ui_icon_bas,100,50,3100,500
wpn_ar15_freedom,ui\ui_icon_bas,250,100,150,1600
wpn_ash12,ui\ui_icons_shak12,200,100,0,0
wpn_ash12_sup,ui\ui_icons_shak12,250,100,0,100
wpn_aug,ui\ui_icon_aug_a1,250,100,0,0
wpn_aug_a1_bas,ui\ui_icon_bas,250,100,150,1000
wpn_aug_a1_custom_bas,ui\ui_icon_bas,200,100,400,1000
wpn_aug_a3,ui\ui_icon_equipment,250,100,2050,3700
wpn_aug_a3_bas,ui\ui_icon_bas,250,100,650,900
wpn_aug_a3_custom_bas,ui\ui_icon_bas,200,100,900,900
wpn_aug_freedom,ui\ui_icon_aug_9mm,250,100,0,0
wpn_aug_merc,ui\ui_icon_aug_thales,250,100,0,0
wpn_aug_modern,ui\ui_icon_aug_a1,250,100,0,0
wpn_benelli_m1014,ui\ui_icon_benelli_m1014,300,100,0,0
wpn_beretta,ui\remademeowie_icon,100,50,300,250
wpn_beretta_camo,ui\ui_icon_px4,100,50,0,50
wpn_bizon,ui\ui_icon_bizon,200,100,50,50
wpn_bm16,ui\ui_icon_equipment,150,50,2350,2750
wpn_bm16_alt,ui\ui_icon_equipment,150,50,2350,2800
wpn_bm16_full,ui\ui_icon_equipment,250,50,1500,1500
wpn_bm16_full_alt,ui\ui_icon_equipment,250,50,1500,1550
wpn_bm16_full_alt_23,ui\ui_icon_equipment,250,50,1500,1550
wpn_brn180,ui\brn180_icon,300,100,0,0
wpn_colt1911,ui\remademeowie_icon,100,50,300,150
wpn_colt1911_anarchy,ui\remademeowie_icon,100,50,200,150
wpn_colt1911_camo,ui\remademeowie_icon,100,50,0,150
wpn_colt1911_custom,ui\remademeowie_icon,100,50,200,250
wpn_colt1911_duty,ui\remademeowie_icon,100,50,300,150
wpn_colt1911_n,ui\remademeowie_icon,100,50,300,150
wpn_cz52,ui\ui_icon_ppp,100,50,300,0
wpn_cz75,ui\ui_icon_ppp,100,50,900,350
wpn_cz75_auto,ui\ui_icon_ppp,100,50,800,50
wpn_desert_eagle,ui\ui_icon_equipment,100,50,2350,3950
wpn_desert_eagle_nimble,ui\ui_icon_deagle,100,50,0,0
wpn_dtmdr,ui\ui_icon_dtmdr,250,100,0,0
wpn_dtmdr_black,ui\ui_icon_dtmdr_black,250,100,0,0
wpn_dtmdr_black_sup,ui\ui_icon_dtmdr_black_sup,250,100,0,0
wpn_dtmdr_sup,ui\ui_icon_dtmdr,250,100,750,600
wpn_dvl10,ui\ui_icon_bas,300,100,2000,300
wpn_dvl10_m1,ui\ui_icon_bas,300,100,2000,400
wpn_eft_mts_255,ui\eft_mts_255_icon,250,100,0,0
wpn_eft_rsh12,ui\remademeowie_icon,100,50,200,300
wpn_fal,ui\ui_icon_equipment,250,100,3500,3600
wpn_fal_aus,ui\ui_icon_bas,300,100,150,600
wpn_fal_sa58_osw,ui\ui_icon_sa58,250,100,0,0
wpn_famas3,ui\ui_icon_equipment,200,100,2300,3700
wpn_fn2000,ui\ui_icon_f2000,200,100,50,150
wpn_fn2000_camo,ui\ui_icon_f2000,200,100,50,150
wpn_fn2000_custom,ui\ui_icon_f2000,200,100,50,150
wpn_fn2000_nimble,ui\ui_icon_f2000,200,100,50,50
wpn_fn57,ui\remademeowie_icon,100,50,0,300
wpn_fnc,ui\ui_icon_equipment,250,100,3250,3600
wpn_fnp45,ui\ui_icon_equipment,100,50,2350,4000
wpn_fnx45,ui\ui_icon_equipment,100,50,2850,3950
wpn_fnx45_custom,ui\ui_icon_equipment,100,50,2850,3950
wpn_fort,ui\ui_icon_ppp,100,50,900,650
wpn_fort17,ui\ui_icon_ppp,100,50,900,650
wpn_fort500,ui\ui_icon_equipment,250,50,3500,3550
wpn_fort_snag,ui\ui_icon_ppp,100,50,900,650
wpn_g3,ui\ui_icon_equipment,250,100,1500,2800
wpn_g36,ui\ui_icon_g36_new,250,100,0,0
wpn_g36_camo,ui\ui_icon_g36_new,250,100,0,100
wpn_g36k_rwap,ui\g36rwap_weapon_icons,250,100,0,400
wpn_g36ka4_rwap,ui\ui_icon_g36_new,250,100,0,100
wpn_g36nimble_rwap,ui\ui_icon_g36_new,250,100,0,200
wpn_g36v_rwap,ui\ui_icon_g36_new,250,100,0,0
wpn_g36v_rwap_cut_kit,ui\ui_icon_g36_new,200,100,0,300
wpn_g3sg1,ui\ui_icon_equipment,250,100,1500,2600
wpn_g43,ui\ui_icon_equipment,250,50,3750,3750
wpn_gauss,ui\ui_icon_gauss_swp,300,100,0,0
wpn_glock,ui\ui_icon_equipment,100,50,2650,4000
wpn_glock17,ui\ui_icon_bas,100,50,3100,100
wpn_glock17_m1,ui\ui_glock17_m1,100,50,0,0
wpn_glock_custom,ui\ui_icon_hs2000,100,50,0,50
wpn_glock_modern,ui\ui_icon_glock17,100,50,0,50
wpn_grot,ui\grot_icons,250,100,0,0
wpn_grot_short,ui\grot_icons,200,100,500,0
wpn_grot_short_tan,ui\grot_icons,200,100,500,100
wpn_grot_tan,ui\grot_icons,250,100,0,100
wpn_groza,ui\ui_crepis_ninefamilyguns,200,100,300,100
wpn_groza_nimble,ui\ui_icon_antivasyan,200,100,200,200
wpn_gsh18,ui\ui_icon_ppp,100,50,900,650
wpn_gsh18_custom,ui\ui_icon_ppp,100,50,900,650
wpn_hk21,ui\ui_icon_hk21,300,100,0,0
wpn_hk416,ui\ui_icon_equipment,250,100,1250,2600
wpn_hk417,ui\ui_icon_equipment,300,100,2950,3600
wpn_howa20,ui\ui_icon_howa,250,100,0,0
wpn_hpsa,ui\ui_icon_bas,100,50,3200,0
wpn_ithacam37,ui\ui_icons_ithacam37,250,50,0,0
wpn_ithacam37_mag,ui\ui_icons_ithacam37,250,50,0,100
wpn_ithacam37_sawnoff,ui\ui_icons_ithacam37,200,50,0,200
wpn_ithacam37_stakeout,ui\ui_icons_ithacam37,150,50,0,150
wpn_ithacam37_stakeout_20x70,ui\ui_icons_ithacam37,150,50,0,150
wpn_ithacam37_trench,ui\ui_icons_ithacam37,250,50,0,50
wpn_k98,ui\ui_icon_k98,250,50,0,0
wpn_k98_mauser_kit,ui\ui_icon_k98_mod,300,100,0,200
wpn_k98_mod,ui\ui_icon_k98_mod,300,100,0,0
wpn_k98_mod_silen98,ui\ui_icon_k98_mod,300,100,0,200
wpn_kiparis,ui\ui_icon_reworked_kiparis,200,100,0,0
wpn_kiparis_ots2_upgr_kit,ui\ui_icon_reworked_kiparis,200,100,200,0
wpn_korth,ui\ui_icon_bas,100,50,3300,100
wpn_korth_custom,ui\remademeowie_icon,100,50,0,250
wpn_kriss_vector,ui\ui_icon_kriss,200,100,50,50
wpn_ks23,ui\ui_icon_bas,250,100,1200,0
wpn_ks23_23_up,ui\ui_icon_bas,200,50,1450,50
wpn_ks23_ecolog,ui\ui_icon_bas,250,100,1200,250
wpn_ks23_kaban,ui\ui_icon_bas,150,50,1450,100
wpn_ks23_kaban_kab_up,ui\ui_icon_bas,150,50,1450,250
wpn_ks23_vorkuta,ui\iconsks23yes,300,100,0,100
wpn_ksg23,ui\ui_icon_ksg,250,100,0,0
wpn_l85,ui\ui_icon_bas,250,100,150,1400
wpn_l85_m1,ui\ui_icon_bas,250,100,150,1400
wpn_l85_m2,ui\ui_icon_bas,250,100,650,1400
wpn_l85_m3,ui\ui_icon_bas,250,100,900,1400
wpn_l85_modern,ui\ui_icon_bas,250,100,650,1400
wpn_l96a1,ui\ui_icon_equipment,300,100,2200,1400
wpn_l96a1m,ui\ui_icon_equipment,300,100,2200,1600
wpn_lr300,ui\ui_icon_bas,250,100,150,1500
wpn_lr300_camo,ui\ui_icon_bas,250,100,150,1500
wpn_m16,ui\ui_icon_equipment,250,100,1250,2700
wpn_m16a2,ui\ui_icon_equipment,250,100,1250,2900
wpn_m24,ui\ui_icon_m24,300,100,0,0
wpn_m249,ui\ui_icon_equipment,250,100,2250,0
wpn_m4,ui\ui_icon_equipment,250,100,1500,3100
wpn_m45a1,ui\remademeowie_icon,100,50,500,50
wpn_m4_butcher,ui\ui_icon_bas,250,100,850,300
wpn_m4_ru556,ui\ui_ru556,250,100,0,0
wpn_m4_tac,ui\ui_icon_m4tacathi,250,100,0,0
wpn_m4a1_camo,ui\ui_icon_bas,250,100,150,1500
wpn_m4a1_siber,ui\ui_icon_bas,250,100,150,1500
wpn_m60,ui\ui_icon_equipment,300,100,2650,3600
wpn_m82,ui\ui_icon_equipment,300,100,2350,3600
wpn_m98b,ui\ui_icon_equipment,300,100,2200,1900
wpn_mac10,ui\mac10_icon,100,100,0,0
wpn_mk14,ui\ui_icon_equipment,300,100,2050,3600
wpn_mk47,ui\ui_icon_mk47_tcwp,250,100,0,100
wpn_mk47_sup,ui\ui_icon_mk47_tcwp,300,100,0,0
wpn_mosin,ui\mosin_trio_icon,250,50,0,200
wpn_mossberg590,ui\wpn_mossberg590a1_icon,300,100,0,100
wpn_mossberg590_rail,ui\wpn_mossberg590a1_icon,300,100,0,0
wpn_mp133,ui\ui_wpn_mp133,300,50,0,0
wpn_mp153,ui\ui_wpn_mp153,300,50,0,0
wpn_mp153_m1,ui\ui_icon_bas,250,50,1200,200
wpn_mp155,ui\ui_icon_mp155_tcwp,300,100,0,0
wpn_mp412,ui\ui_icon_ppp,100,50,200,100
wpn_mp443,ui\remademeowie_icon,100,50,200,100
wpn_mp5,ui\mp5_kmack_icons,250,100,0,0
wpn_mp5_kurtz,ui\mp5_kmack_icons_kurtz,150,100,0,300
wpn_mp5_nimble,ui\mp5_kmack_icons,250,100,0,200
wpn_mp5sd,ui\mp5_kmack_icons,250,100,0,100
wpn_mp7,ui\ui_icon_crepis_mp7,100,100,0,0
wpn_mp9,ui\ui_icon_mp9,150,100,0,0
wpn_oc33,ui\remademeowie_icon,100,50,0,200
wpn_p90,ui\ui_icon_equipment,200,100,2000,1400
wpn_p90_gs,ui\ui_icon_antivasyan,200,100,200,0
wpn_p90gamma,ui\ui_icon_antivasyan,200,100,0,0
wpn_pb,ui\remademeowie_icon,150,50,300,0
wpn_pb_bas,ui\ui_icon_bas,100,50,3100,300
wpn_pb_bas_custom,ui\ui_icon_bas,100,50,3100,300
wpn_pkm,ui\ui_icon_bas,300,100,150,1800
wpn_pkm_siber,ui\ui_icon_bas,300,100,150,1800
wpn_pkm_zenit_siber,ui\ui_icon_bas,300,100,150,1900
wpn_pkm_zulus,ui\ui_icon_bas,300,100,150,1900
wpn_pkp,ui\ui_icon_bas,300,100,750,1900
wpn_pkp_siber,ui\ui_icon_bas,300,100,750,1900
wpn_pl15,ui\ui_icon_bas,100,50,3100,350
wpn_pl15_pl15_scolaz,ui\ui_icon_bas,100,50,3100,450
wpn_pl15_tan,ui\remademeowie_icon,100,50,200,200
wpn_pl15_tan_pl15_scolaz,ui\remademeowie_icon,100,50,400,200
wpn_pm,ui\remademeowie_icon,100,50,0,0
wpn_pm_actor,ui\remademeowie_icon,100,50,0,0
wpn_pm_bas,ui\ui_icon_bas,100,50,3100,250
wpn_pm_bas_actor,ui\ui_icon_bas,100,50,3100,250
wpn_pm_bas_custom,ui\ui_icon_bas,100,50,3100,200
wpn_pm_custom,ui\remademeowie_icon,100,50,0,0
wpn_pmm_bas,ui\ui_icon_bas,100,50,3100,150
wpn_pp2000,ui\ui_icon_pp2000,150,100,0,0
wpn_pp2000_operator,ui\ui_pp2000,150,100,0,0
wpn_ppsh41,ui\ui_icon_bas,250,100,3350,600
wpn_ppsh41_rednew,ui\ui_icon_bas,250,100,3350,600
wpn_ppsh41_woodnew,ui\ui_icon_bas,250,100,3350,600
wpn_protecta,ui\ui_icon_striker,250,100,0,0
wpn_protecta_aim,ui\ui_icon_striker,200,100,0,200
wpn_protecta_camo,ui\ui_icon_striker,250,100,0,100
wpn_protecta_custom,ui\ui_icon_striker,250,100,0,300
wpn_protecta_nimble,ui\ui_icon_striker,250,100,0,300
wpn_raptr,ui\ui_icon_raptr,250,100,0,0
wpn_remington700,ui\ui_icon_bas,300,100,2300,0
wpn_remington700_archangel,ui\ui_icon_bas,300,100,2300,100
wpn_remington700_lapua700,ui\ui_icon_bas,300,100,2300,400
wpn_remington700_magpul_pro,ui\ui_icon_bas,300,100,2300,200
wpn_remington700_mod_x_gen3,ui\ui_icon_bas,300,100,2300,300
wpn_remington870,ui\ui_icon_870_short,200,50,0,0
wpn_rpd,ui\ui_icon_equipment,300,100,2200,1800
wpn_rpk,ui\ui_icon_equipment,250,100,1750,900
wpn_rpk74,ui\ui_icon_equipment,250,100,1750,700
wpn_rpk74_16,ui\ui_icon_rpk16_box,250,100,0,0
wpn_rpk74_16_drum,ui\ui_icon_rpk16_tcwp,250,100,750,0
wpn_saiga12s,ui\ui_icon_saiga,250,100,0,0
wpn_saiga12s_isg,ui\ui_icon_ks12,250,100,0,0
wpn_saiga12s_m1,ui\ui_icon_bas,250,100,1450,350
wpn_saiga12s_m2,ui\ui_icon_bas,250,100,1200,350
wpn_scar_new,ui\ui_scar_new,250,100,0,0
wpn_scar_siber,ui\ui_scar_new,250,100,0,0
wpn_scar_siber_black,ui\ui_icon_bas,250,100,150,1300
wpn_scar_siber_m1,ui\ui_icon_bas,250,100,650,1200
wpn_scar_siber_m1_black,ui\ui_icon_bas,250,100,400,1300
wpn_scar_siber_m2,ui\ui_icon_bas,250,100,900,1200
wpn_scar_siber_m2_custom,ui\ui_icon_bas,250,100,650,1300
wpn_sig220,ui\ui_icon_bas,100,50,3200,250
wpn_sig220_n,ui\ui_icon_bas,100,50,3200,250
wpn_sig220_n_u2p2g0r,ui\ui_icon_bas,100,50,3200,500
wpn_sig220_n_upg220,ui\ui_icon_bas,100,50,3200,300
wpn_sig226,ui\ui_icon_bas,100,50,3200,0
wpn_sig226_226sig_kit,ui\ui_icon_bas,100,50,3200,50
wpn_sig550,ui\ui_icon_antivasyan_alt,300,100,0,0
wpn_sig550_camo,ui\ui_icon_antivasyan_alt,300,100,0,0
wpn_sig550_custom,ui\ui_icon_antivasyan_alt,300,100,0,100
wpn_sig550_luckygun,ui\ui_icon_antivasyan_alt,300,100,0,100
wpn_sig550_sniper,ui\ui_icon_antivasyan_alt,300,100,0,0
wpn_sig552,ui\ui_icon_antivasyan_alt,300,100,0,0
wpn_sks,ui\ui_icon_equipment,250,50,2250,3800
wpn_sks_b,ui\ui_icon_bas,250,50,2600,400
wpn_sks_modern,ui\ui_icon_equipment,250,50,2500,3800
wpn_sks_molot,ui\ui_icon_bas,250,50,2600,300
wpn_sks_tac,ui\ui_icon_bas,250,50,2600,350
wpn_spas12,ui\ui_icon_spas,300,100,50,0
wpn_spas12_custom,ui\ui_icon_spas,300,100,50,0
wpn_spas12_nimble,ui\ui_icon_spas,300,100,50,0
wpn_sr1m,ui\remademeowie_icon,100,50,0,50
wpn_sr1m_gurza_up,ui\remademeowie_icon,100,50,200,50
wpn_sr1m_sr1upgr1,ui\remademeowie_icon,100,50,100,50
wpn_sr25,ui\ui_icon_sr25new,300,100,0,0
wpn_sr2_m1,ui\ui_icon_bas,200,100,3400,200
wpn_sr2_veresk,ui\ui_icon_bas,200,100,3400,0
wpn_sr2_veresk_sr2_upkit,ui\ui_icon_bas,200,100,3400,100
wpn_steyr_scout,ui\steyrscout_icon,300,100,0,0
wpn_steyr_scout_big,ui\steyrscout_icon,300,100,0,0
wpn_sv98,ui\ui_icon_sv98,300,100,0,0
wpn_sv98_custom,ui\ui_icon_sv98,300,100,0,100
wpn_svd,ui\ui_icon_equipment,300,100,2200,500
wpn_svd_m1,ui\ui_icon_equipment,300,100,2200,500
wpn_svd_nimble,ui\ui_icon_equipment,300,100,2200,500
wpn_svds,ui\ui_icon_bas,300,100,2000,100
wpn_svds_pmc,ui\ui_icon_bas,300,100,2000,200
wpn_svt40,ui\ui_icons_svt&avt40,250,50,0,0
wpn_svu,ui\new_svu\svu_icon_sheet,300,100,0,0
wpn_svu_alt,ui\new_svu\svu_icon_sheet,300,100,0,100
wpn_svu_nimble,ui\new_svu\svu_icon_sheet,300,100,0,200
wpn_thompson_1921,ui\ui_icon_tommy,200,100,250,0
wpn_thompson_m1a1,ui\ui_icon_tommy,200,100,0,0
wpn_toz106,ui\ui_icon_bas,200,50,1450,150
wpn_toz106_m1,ui\ui_icon_bas,200,50,1450,200
wpn_toz34,ui\ui_icon_equipment,250,50,1250,1500
wpn_toz34_bull,ui\ui_icon_antivasyan,250,100,950,200
wpn_toz34_custom,ui\ui_icon_equipment,250,50,1250,1600
wpn_toz34_decor,ui\ui_icon_equipment,250,50,1250,1550
wpn_toz34_mark4,ui\ui_icon_equipment,250,100,1750,1500
wpn_toz34_mark4_23,ui\ui_icon_antivasyan,250,100,950,200
wpn_toz34_obrez,ui\ui_icon_equipment,150,50,2200,2750
wpn_toz34_obrez_custom,ui\ui_icon_equipment,150,50,2200,2850
wpn_toz34_obrez_decor,ui\ui_icon_equipment,150,50,2200,2800
wpn_trg,ui\ui_icon_bas,300,100,2300,400
wpn_tt33,ui\remademeowie_icon,100,50,0,100
wpn_tt33_modern,ui\remademeowie_icon,100,50,0,100
wpn_type63,ui\ui_icon_equipment,250,50,3000,3800
wpn_udp9,ui\ui_wpn_udp9,200,100,0,0
wpn_ump45,ui\ui_icon_ump,200,100,0,0
wpn_ump45_custom,ui\ui_icon_ump,200,100,0,200
wpn_usas12,ui\ui_icon_raptr,250,100,0,0
wpn_usp,ui\ui_icon_mk23,100,50,0,50
wpn_usp_tac,ui\ui_icon_bas,100,50,3100,50
wpn_usp_tac_45,ui\remademeowie_icon,100,50,100,250
wpn_uzi,ui\ui_wpn_uzi,150,100,0,0
wpn_uzi_micro,ui\ui_wpn_uzi,100,100,300,0
wpn_uzi_mini,ui\ui_wpn_uzi,150,100,0,200
wpn_val,ui\ui_crepis_ninefamilyguns,250,100,700,200
wpn_val_modern,ui\ui_icon_equipment,250,100,1500,1000
wpn_val_tac,ui\ui_icon_bas,250,100,600,400
wpn_vepr,ui\ui_icon_bas,250,100,1450,350
wpn_vihr,ui\ui_icon_equipment,200,100,1600,1700
wpn_vintorez,ui\ui_crepis_ninefamilyguns,250,100,500,0
wpn_vintorez_isg,ui\ui_mod4,250,100,0,0
wpn_vintorez_m1,ui\ui_icon_bas,250,100,600,0
wpn_vintorez_m2,ui\ui_icon_bas,250,100,600,200
wpn_vintorez_n1,ui\ui_icon_bas,250,100,600,300
wpn_vintorez_nimble,ui\ui_icon_equipment,250,100,1500,1200
wpn_vityaz,ui\ui_icon_vityaz,200,100,0,0
wpn_vityaz_vitup,ui\ui_icon_vityaz,200,100,200,0
wpn_vsk94,ui\ui_crepis_ninefamilyguns,250,100,50,100
wpn_vssk,ui\ui_icon_vssk,300,100,0,0
wpn_vz61,ui\ui_icon_vz61,100,100,0,0
wpn_vz61_alt,ui\ui_icon_vz61,100,100,0,0
wpn_wa2000,ui\ui_icon_equipment,300,100,3200,3500
wpn_walther,ui\ui_icon_bas,100,50,3200,150
wpn_walther_p99,ui\ui_icon_bas,100,50,3200,150
wpn_walther_p99_mod9,ui\ui_icon_bas,100,50,3200,200
wpn_wincheaster1300,ui\ui_icon_equipment,200,50,2200,3050
wpn_wincheaster1300_trapper,ui\ui_icon_equipment,200,50,2200,3050
wpn_winchester1873,ui\winchesterr_icon,250,50,0,0
wpn_xm4,ui\car15_icons,250,100,0,0
wpn_xm4_admin,ui\car15_icons,250,100,250,100
wpn_xm4_bd,ui\car15_icons,250,100,250,0
wpn_xm8,ui\ui_icon_equipment,250,100,2950,3500
