~,pda_encyclopedia_name,st_data_export_description,st_prop_weight,st_data_export_ammo_box_size,st_upgr_cost,BR1,BR2,BR3,BR4,BR5,BR6,BR7,st_data_export_projectiles,ui_inv_damage,ui_inv_accuracy,ui_inv_wrange,st_data_export_falloff,ui_inv_bspeed,st_data_export_impulse,st_data_export_weapon_degradation,st_data_export_k_hit,st_data_export_k_ap,st_data_export_k_air_resistance
ammo_11.43x23_fmj,ammo-11.43x23-fmj,ammo-11.43x23-fmj_descr,0.29,14,950,,,20,,,,,1,0.74,66%,100%,82%,187%,55%,40%,0.74,0.02,0.82
ammo_11.43x23_hydro,ammo-11.43x23-hydro,ammo-11.43x23-hydro_descr,0.23,14,1425,10,,,,,,,1,1.64,66%,100%,82%,187%,70%,40%,1.64,0.01,0.82
ammo_12.7x55_ap,ammo_12.7x55_ap,ammo_12.7x55_ap_descr,0.44,10,6900,,,,,,,75,1,1.2,66%,100%,60%,80%,280%,40%,1.2,0.075,0.6
ammo_12.7x55_fmj,ammo-12.7x55-fmj,ammo-12.7x55-fmj_descr,0.44,10,3000,,,,38,,,,1,1.2,66%,100%,60%,80%,280%,40%,1.2,0.038,0.6
ammo_12x70_buck,ammo-12x70-buck,ammo-12x70-buck_descr,0.45,10,1000,3,,,,,,,9,0.42,400%,75%,100%,142%,50%,40%,0.42,0.003,1
ammo_12x70_buck_self,ammo-12x70-buck_self,ammo-12x70-buck_self_descr,0.52,10,460,3,,,,,,,11,0.3,500%,70%,200%,142%,25%,100%,0.3,0.003,2
ammo_12x76_bull,ammo-12x76-bull,ammo-12x76-bull_descr,0.60,10,5000,,,,,40,,,1,2.5,50%,100%,100%,100%,100%,40%,2.5,0.04,1
ammo_12x76_dart,ammo-12x76-dart,ammo-12x76-dart_descr,0.40,10,5000,,,,,42,,,1,1.52,33%,100%,80%,125%,190%,105%,1.52,0.042,0.8
ammo_12x76_zhekan,ammo-12x76-zhekan,ammo-12x76-zhekan_descr,0.45,10,1650,,,24,,,,,1,2.7,50%,90%,80%,120%,190%,105%,2.7,0.024,0.8
ammo_20x70_buck,ammo_20x70_buck,ammo_20x70_buck_descr,0.35,10,600,3,,,,,,,9,0.3,380%,75%,100%,100%,70%,105%,0.3,0.003,1
ammo_23_eco,ammo_23_eco,ammo_23_eco_descr,0.05,1,3500,,12,,,,,,1,1,50%,100%,15%,100%,15%,40%,1,0.012,0.15
ammo_23x75_barrikada,ammo_23x75_barrikada,ammo_23x75_barrikada_descr,0.50,10,7000,,,,,,54,,1,4.2,66%,100%,70%,150%,400%,105%,4.2,0.054,0.7
ammo_23x75_shrapnel,ammo_23x75_shrapnel,ammo_23x75_shrapnel_descr,0.45,10,2000,6,,,,,,,6,1.5,250%,100%,80%,110%,350%,105%,1.5,0.006,0.8
ammo_338_federal,ammo_338_federal,ammo_338_federal_descr,0.42,10,4000,8,,,,,,,1,10.7,67%,100%,5%,150%,200%,40%,10.7,0.008,0.05
ammo_357_hp_mag,ammo-357-hp,ammo-357-hp_descr,0.21,13,2600,,,19,,,,,1,2.6,50%,100%,80%,150%,75%,40%,2.6,0.019,0.8
ammo_4.6x30_fmj,ammo-4.6x30-fmj,ammo-4.6x30-fmj_descr,0.09,15,3000,,,25,,,,,1,1,66%,100%,80%,100%,36%,40%,1,0.025,0.8
ammo_5.45x39_ap,ammo-5.45x39-ap,ammo-5.45x39-ap_descr,0.16,15,5100,,,,,,47,,1,1.1,66%,100%,25%,150%,55%,40%,1.1,0.047,0.25
ammo_5.45x39_ep,ammo-5.45x39-ep,ammo-5.45x39-ep_descr,0.16,15,1600,10,,,,,,,1,1.75,66%,100%,25%,150%,55%,40%,1.75,0.01,0.25
ammo_5.45x39_fmj,ammo-5.45x39-fmj,ammo-5.45x39-fmj_descr,0.16,15,1350,,,27,,,,,1,1.14,66%,100%,25%,150%,60%,40%,1.14,0.027,0.25
ammo_5.56x45_ap,ammo-5.56x45-ap,ammo-5.56x45-ap_descr,0.18,15,4100,,,,,,52,,1,1.05,66%,100%,20%,160%,54%,40%,1.05,0.052,0.2
ammo_5.56x45_fmj,ammo-5.56x45-fmj,ammo-5.56x45-fmj_descr,0.17,15,1500,,,29,,,,,1,1.05,66%,100%,20%,160%,57%,40%,1.05,0.029,0.2
ammo_5.56x45_ss190,ammo-5.56x45-ss190,ammo-5.56x45-ss190_descr,0.18,15,1600,,13,,,,,,1,1.57,66%,100%,20%,160%,57%,40%,1.57,0.013,0.2
ammo_5.7x28_ss190,ammo-5.7x28-ss190,ammo-5.7x28-ss190_descr,0.09,20,2600,,,,,40,,,1,0.69,66%,100%,30%,150%,36%,40%,0.69,0.04,0.3
ammo_5.7x28_ss195,ammo-5.7x28-ss195,ammo-5.7x28-ss195_descr,0.10,20,1275,,,25,,,,,1,0.69,66%,100%,30%,150%,100%,40%,0.69,0.025,0.3
ammo_50_bmg,ammo-50-bmg,ammo-50-bmg_descr,0.33,15,27200,,,,,,,190,1,1.5,90%,100%,35%,100%,190%,40%,1.5,0.19,0.35
ammo_7.62x25_p,ammo-7.62x25-p,ammo-7.62x25-p_descr,0.17,16,875,8,,,,,,,1,0.7,70%,100%,35%,187%,70%,40%,0.7,0.008,0.35
ammo_7.62x25_ps,ammo-7.62x25-ps,ammo-7.62x25-ps_descr,0.17,16,975,,,25,,,,,1,0.7,68%,100%,35%,187%,50%,40%,0.7,0.025,0.35
ammo_7.62x39_ap,ammo-7.62x39_ap,ammo-7.62x39_ap_descr,0.24,15,5450,,,,,,,55,1,1.17,75%,100%,30%,120%,60%,40%,1.17,0.055,0.3
ammo_7.62x39_fmj,ammo-7.62x39_fmj,ammo-7.62x39_fmj_descr,0.24,15,1950,,,,30,,,,1,1.17,75%,100%,30%,120%,66%,40%,1.17,0.03,0.3
ammo_7.62x51_ap,ammo-7.62x51_ap,ammo-7.62x51_ap_descr,0.38,15,7500,,,,,,,62,1,0.89,50%,100%,25%,150%,50%,40%,0.89,0.062,0.25
ammo_7.62x51_fmj,ammo-7.62x51_fmj,ammo-7.62x51_fmj_descr,0.38,15,3000,,,,34,,,,1,0.89,50%,100%,25%,150%,66%,40%,0.89,0.034,0.25
ammo_7.62x54_7h1,ammo-7.62x54-7n1,ammo-7.62x54-7n1_descr,0.22,10,2250,,,,30,,,,1,0.85,66%,100%,25%,150%,150%,40%,0.85,0.03,0.25
ammo_7.62x54_7h14,ammo-7.62x54_7n14,ammo-7.62x54_7n14_descr,0.22,10,4000,,,,,45,,,1,0.85,66%,100%,25%,150%,150%,40%,0.85,0.045,0.25
ammo_7.62x54_ap,ammo-7.62x54-ap,ammo-7.62x54-ap_descr,0.33,10,9500,,,,,,,80,1,0.85,90%,100%,5%,125%,170%,40%,0.85,0.08,0.05
ammo_7.92x33_ap,ammo-7.92x33_ap,ammo-7.92x33_ap_descr,0.37,10,4500,,,,,39,,,1,1,85%,100%,25%,150%,150%,200%,1,0.039,0.25
ammo_7.92x33_fmj,ammo-7.92x33_fmj,ammo-7.92x33_fmj_descr,0.37,10,1350,,,27,,,,,1,1,85%,100%,25%,150%,150%,200%,1,0.027,0.25
ammo_9x18_ap,ammo-9x18-ap,ammo-9x18-ap_descr,0.17,15,1200,,,26,,,,,1,0.76,66%,100%,80%,187%,55%,40%,0.76,0.026,0.8
ammo_9x18_fmj,ammo-9x18-fmj,ammo-9x18-fmj_descr,0.16,15,560,,14,,,,,,1,0.76,66%,100%,80%,187%,60%,40%,0.76,0.014,0.8
ammo_9x18_pmm,ammo-9x18-pmm,ammo-9x18-pmm_descr,0.15,15,1150,8,,,,,,,1,1.4,66%,100%,80%,187%,70%,40%,1.4,0.008,0.8
ammo_9x19_ap,ammo-9x19-ap,ammo-9x19-ap_descr,0.14,15,2350,,,,35,,,,1,0.7,66%,100%,75%,187%,36%,40%,0.7,0.035,0.75
ammo_9x19_fmj,ammo-9x19-fmj,ammo-9x19-fmj_descr,0.18,15,645,,17,,,,,,1,0.7,66%,100%,75%,187%,44%,40%,0.7,0.017,0.75
ammo_9x19_pbp,ammo-9x19-pbp,ammo-9x19-pbp_descr,0.17,15,1125,10,,,,,,,1,1.35,66%,100%,75%,187%,100%,40%,1.35,0.01,0.75
ammo_9x21_sp10,ammo_9x21_sp10,ammo_9x21_sp10_descr,0.19,18,2150,,,,32,,,,1,1.15,66%,100%,80%,125%,80%,110%,1.15,0.032,0.8
ammo_9x39_ap,ammo-9x39-ap,ammo-9x39-ap_descr,0.36,14,5350,,,,,,,55,1,1.04,66%,100%,63%,73%,50%,40%,1.04,0.055,0.63
ammo_9x39_pab9,ammo-9x39-pab9,ammo-9x39-pab9_descr,0.37,14,1650,,,,34,,,,1,1.04,50%,100%,63%,73%,55%,40%,1.04,0.034,0.63
ammo_gauss,ammo-gauss,ammo-gauss_descr,0.60,8,20512,,,,,,,500,1,2.5,66%,100%,1%,100%,100%,40%,2.5,0.5,0.01
ammo_gauss_cardan,ammo-gauss_cardan,ammo-gauss_cardan_descr,0.60,6,8399,,,,,,,500,1,2.5,66%,100%,1%,100%,100%,40%,2.5,0.5,0.01
ammo_m209,ammo-m209,ammo-m209_descr,0.20,1,2264,,,,35,,,,0,0.8,66%,100%,100%,100%,135%,40%,0.8,0.035,1
ammo_magnum_300,ammo-338-lapua,ammo-338-lapua_descr,0.44,10,17000,,,,,,,140,1,1.45,66%,100%,35%,150%,200%,40%,1.45,0.14,0.35
ammo_magnum_300_sub,ammo_magnum_300_sub,ammo_magnum_300_sub_descr,0.45,10,9000,,,,,,,100,1,1,70%,100%,35%,120%,145%,40%,1,0.1,0.35
ammo_og-7b,ammo-og-7b,ammo-og-7b_descr,1.96,1,12490,,,,,,,125,0,1,152%,100%,100%,100%,150%,40%,1,0.125,1
ammo_pkm_100,ammo-7.62x54-r,ammo-7.62x54-r_descr,0.54,30,5000,,,,37,,,,1,1.02,90%,100%,30%,150%,60%,40%,1.02,0.037,0.3
ammo_vog-25,ammo-vog-25,ammo-vog-25_descr,0.26,1,2180,,,,35,,,,0,0.8,66%,100%,100%,100%,130%,40%,0.8,0.035,1
ammo_vog-30,ammo_vog_30,ammo_vog_30_descr,0.20,1,1850,,,,35,,,,0,8,60%,100%,100%,100%,110%,40%,8,0.035,1
mag_1921_11.43x23_default,st_mag_1921_11.43x23_fmj,st_mag_1921_11.43x23_fmj_descr,2.40,0,2500,0,,,,,,,1,0,0%,0%,0%,0%,0%,0%,0,0,0
mag_196a1_7.62x54_alt,st_mag_l96a1_pkm,st_mag_l96a1_pkm_descr,0.16,0,6500,0,,,,,,,1,0,0%,0%,0%,0%,0%,0%,0,0,0
mag_50_762x51_drum,st_mag_overlylarge_50_762x51_drum2,st_mag_overlylarge_50_762x51_drum2_descr,1.09,0,21200,0,,,,,,,1,0,0%,0%,0%,0%,0%,0%,0,0,0
mag_50_762x51_drum_hinge,st_mag_overlylarge_50_762x51_drum,st_mag_overlylarge_50_762x51_drum_descr,1.09,0,21200,0,,,,,,,1,0,0%,0%,0%,0%,0%,0%,0,0,0
mag_7.62x39_ar15,st_mag_ar15_762x39,st_mag_ar15_762x39_descr,0.30,0,5500,0,,,,,,,1,0,0%,0%,0%,0%,0%,0%,0,0,0
mag_75_762x39_drum,st_mag_overlylarge_75_762x39_drum,st_mag_overlylarge_75_762x39_drum_descr,1.02,0,15250,0,,,,,,,1,0,0%,0%,0%,0%,0%,0%,0,0,0
mag_95_5.56x45_drum,st_mag_overlylarge_95_556_drum,st_mag_overlylarge_95_556_drum_descr,1.04,0,15000,0,,,,,,,1,0,0%,0%,0%,0%,0%,0%,0,0,0
mag_95_545x39_drum,st_mag_overlylarge_95_545_drum,st_mag_overlylarge_95_545_drum_descr,1.04,0,19500,0,,,,,,,1,0,0%,0%,0%,0%,0%,0%,0,0,0
mag_ace21_5.56x45_default,st_mag_ace21_5.56x45,st_mag_ace21_5.56x45_descr,0.18,0,1125,0,,,,,,,1,0,0%,0%,0%,0%,0%,0%,0,0,0
mag_ak_5.45x39_default,st_mag_ak74_5.45x39,st_mag_ak74_5.45x39_descr,0.21,0,2500,0,,,,,,,1,0,0%,0%,0%,0%,0%,0%,0,0,0
mag_ak_5.45x39_extended,st_mag_ak74_5.45x39_extended,st_mag_ak74_5.45x39_extended_descr,0.30,0,7500,0,,,,,,,1,0,0%,0%,0%,0%,0%,0%,0,0,0
mag_ak_5.45x39_fast,st_mag_ak74_fast_5.45x39,st_mag_ak74_fast_5.45x39_descr,0.17,0,3250,0,,,,,,,1,0,0%,0%,0%,0%,0%,0%,0,0,0
mag_ak_5.45x39_modern,st_mag_ak74m_5.45x39,st_mag_ak74m_5.45x39_descr,0.21,0,2500,0,,,,,,,1,0,0%,0%,0%,0%,0%,0%,0,0,0
mag_ak_5.56x45_modern,st_mag_ak101_5.56x45,st_mag_ak101_5.56x45_descr,0.21,0,2500,0,,,,,,,1,0,0%,0%,0%,0%,0%,0%,0,0,0
mag_ak_7.62x39_default,st_mag_ak_7.62x39,st_mag_ak_7.62x39_descr,0.33,0,2500,0,,,,,,,1,0,0%,0%,0%,0%,0%,0%,0,0,0
mag_ak_7.62x39_fast,st_mag_ak103_fast_7.62x39,st_mag_ak103_fast_7.62x39_descr,0.25,0,3250,0,,,,,,,1,0,0%,0%,0%,0%,0%,0%,0,0,0
mag_ak_7.62x39_modern,st_mag_ak103_7.62x39,st_mag_ak103_7.62x39_descr,0.25,0,2500,0,,,,,,,1,0,0%,0%,0%,0%,0%,0%,0,0,0
mag_akalfa_5.56x45_bas,st_mag_akalfa_5.56x45_bas,st_mag_akalfa_5.56x45_bas_descr,0.30,0,2500,0,,,,,,,1,0,0%,0%,0%,0%,0%,0%,0,0,0
mag_akalfa_7.62x39_bas,st_mag_akalfa_7.62x39_bas,st_mag_akalfa_7.62x39_bas_descr,0.30,0,2500,0,,,,,,,1,0,0%,0%,0%,0%,0%,0%,0,0,0
mag_aps_9x18_default,st_mag_aps_9x18_fmj,st_mag_aps_9x18_fmj_descr,0.10,0,1500,0,,,,,,,1,0,0%,0%,0%,0%,0%,0%,0,0,0
mag_aps_9x19_alt,st_mag_aps_9x19_fmj,st_mag_aps_9x19_fmj_descr,0.10,0,2000,0,,,,,,,1,0,0%,0%,0%,0%,0%,0%,0,0,0
mag_ash_12.7x55_default,st_mag_ash12_12.7x55,st_mag_ash12_12.7x55_descr,0.35,0,4500,0,,,,,,,1,0,0%,0%,0%,0%,0%,0%,0,0,0
mag_ash_12.7x55_extended,st_mag_ash12_ext_12.7x55,st_mag_ash12_ext_12.7x55_descr,0.50,0,7500,0,,,,,,,1,0,0%,0%,0%,0%,0%,0%,0,0,0
mag_aug_5.56x45_default,st_mag_aug_5.56x45,st_mag_aug_5.56x45_descr,0.15,0,2500,0,,,,,,,1,0,0%,0%,0%,0%,0%,0%,0,0,0
mag_aug_5.56x45_extended,st_mag_aug_5.56x45_ext,st_mag_aug_5.56x45_ext_descr,0.36,0,5200,0,,,,,,,1,0,0%,0%,0%,0%,0%,0%,0,0,0
mag_aug_9x19_default,st_mag_aug_9x19_fmj,st_mag_aug_9x19_fmj_descr,0.17,0,2500,0,,,,,,,1,0,0%,0%,0%,0%,0%,0%,0,0,0
mag_bas_pl15_9x19,st_mag_pl15_9x19_fmj,st_mag_pl15_9x19_fmj_descr,0.10,0,1500,0,,,,,,,1,0,0%,0%,0%,0%,0%,0%,0,0,0
mag_bas_pl15_9x19_extended,st_mag_pl15_9x19_fmjext,st_mag_pl15_9x19_fmjext_descr,0.12,0,3150,0,,,,,,,1,0,0%,0%,0%,0%,0%,0%,0,0,0
mag_bas_sig226_9x19,st_mag_sig226_9x19_fmj,st_mag_sig226_9x19_fmj_descr,0.10,0,1500,0,,,,,,,1,0,0%,0%,0%,0%,0%,0%,0,0,0
mag_bas_sig226_9x19_extended,st_mag_sig226_9x19_fmjext,st_mag_sig226_9x19_fmjext_descr,0.12,0,3150,0,,,,,,,1,0,0%,0%,0%,0%,0%,0%,0,0,0
mag_bas_toz106,st_mag_toz106_20x70_fmj,st_mag_toz106_20x70_descr,0.14,0,2500,0,,,,,,,1,0,0%,0%,0%,0%,0%,0%,0,0,0
mag_bas_toz106_zhekan,st_mag_toz106_20x70_zhekan_fmj,st_mag_toz106_20x70_zhekan_descr,0.14,0,450,0,,,,,,,1,0,0%,0%,0%,0%,0%,0%,0,0,0
mag_bas_toz106m1,st_mag_etoz106_20x70_fmj,st_mag_etoz106_20x70_descr,0.16,0,2500,0,,,,,,,1,0,0%,0%,0%,0%,0%,0%,0,0,0
mag_bas_toz106m1_zhekan,st_mag_etoz106_20x70_zhekan_fmj,st_mag_etoz106_20x70_zhekan_descr,0.16,0,750,0,,,,,,,1,0,0%,0%,0%,0%,0%,0%,0,0,0
mag_baskiparis_9x18_20,st_mag_baskiparis_9x18_20,st_mag_baskiparis_9x18_20_descr,0.14,0,2500,0,,,,,,,1,0,0%,0%,0%,0%,0%,0%,0,0,0
mag_baskiparis_9x18_40,st_mag_baskiparis_9x18_40,st_mag_baskiparis_9x18_40_descr,0.22,0,5500,0,,,,,,,1,0,0%,0%,0%,0%,0%,0%,0,0,0
mag_baskiparis_9x18_81,st_mag_baskiparis_9x18_81,st_mag_baskiparis_9x18_81_descr,1.05,0,12500,0,,,,,,,1,0,0%,0%,0%,0%,0%,0%,0,0,0
mag_baskiparis_9x19_20,st_mag_baskiparis_9x19_20,st_mag_baskiparis_9x19_20_descr,0.14,0,2500,0,,,,,,,1,0,0%,0%,0%,0%,0%,0%,0,0,0
mag_baskiparis_9x19_40,st_mag_baskiparis_9x19_40,st_mag_baskiparis_9x19_40_descr,0.22,0,2500,0,,,,,,,1,0,0%,0%,0%,0%,0%,0%,0,0,0
mag_baskiparis_9x19_81,st_mag_baskiparis_9x19_81,st_mag_baskiparis_9x19_81_descr,1.05,0,2500,0,,,,,,,1,0,0%,0%,0%,0%,0%,0%,0,0,0
mag_basvz61_9x18_30,st_mag_basvz61_9x18_30,st_mag_basvz61_9x18_30_descr,0.16,0,5500,0,,,,,,,1,0,0%,0%,0%,0%,0%,0%,0,0,0
mag_basvz61_9x18_60,st_mag_basvz61_9x18_60,st_mag_basvz61_9x18_60_descr,0.45,0,9500,0,,,,,,,1,0,0%,0%,0%,0%,0%,0%,0,0,0
mag_basvz61_9x19_30,st_mag_basvz61_9x19_30,st_mag_basvz61_9x19_30_descr,0.16,0,2500,0,,,,,,,1,0,0%,0%,0%,0%,0%,0%,0,0,0
mag_basvz61_9x19_60,st_mag_basvz61_9x19_60,st_mag_basvz61_9x19_60_descr,0.45,0,2500,0,,,,,,,1,0,0%,0%,0%,0%,0%,0%,0,0,0
mag_beretta_9x18_alt,st_mag_beretta_9x18_fmj,st_mag_beretta_9x18_fmj_descr,0.11,0,1500,0,,,,,,,1,0,0%,0%,0%,0%,0%,0%,0,0,0
mag_beretta_9x19_default,st_mag_beretta_9x19_fmj,st_mag_beretta_9x19_fmj_descr,0.11,0,1500,0,,,,,,,1,0,0%,0%,0%,0%,0%,0%,0,0,0
mag_bizon_7.62x25_alt,st_mag_bizon_7.62x25_p,st_mag_bizon_7.62x25_p_descr,0.50,0,4250,0,,,,,,,1,0,0%,0%,0%,0%,0%,0%,0,0,0
mag_bizon_9x18_defalt,st_mag_bizon_9x18_fmj,st_mag_bizon_9x18_fmj_descr,0.50,0,4250,0,,,,,,,1,0,0%,0%,0%,0%,0%,0%,0,0,0
mag_bizon_9x19_alt,st_mag_bizon_9x19_fmj,st_mag_bizon_9x19_fmj_descr,0.50,0,4250,0,,,,,,,1,0,0%,0%,0%,0%,0%,0%,0,0,0
mag_bolt_300_default,st_mag_trg_magnum_300,st_mag_trg_magnum_300_descr,0.15,0,8500,0,,,,,,,1,0,0%,0%,0%,0%,0%,0%,0,0,0
mag_colt1911_762x25,st_ppp_colt1911_762x25_fmj,st_ppp_colt1911_762x25_fmj_descr,0.06,0,1500,0,,,,,,,1,0,0%,0%,0%,0%,0%,0%,0,0,0
mag_colt1911_default,st_mag_colt1911_11.43x23_fmj,st_mag_colt1911_11.43x23_fmj_descr,0.08,0,1850,0,,,,,,,1,0,0%,0%,0%,0%,0%,0%,0,0,0
mag_colt1911_extended,ext_mag_colt1911_11.43x23_fmj,ext_mag_colt1911_11.43x23_fmj_descr,0.12,0,4500,0,,,,,,,1,0,0%,0%,0%,0%,0%,0%,0,0,0
mag_coonan_357_default,st_mag_ppp_1911_357_fmj,st_mag_ppp_1911_357_fmj_descr,0.16,0,5250,0,,,,,,,1,0,0%,0%,0%,0%,0%,0%,0,0,0
mag_coonan_357_ext,ext_mag_ppp_1911_357_fmj,ext_mag_ppp_1911_357_fmj_descr,0.25,0,8500,0,,,,,,,1,0,0%,0%,0%,0%,0%,0%,0,0,0
mag_cz52_default,st_mag_cz52_7.62x25_p,st_mag_cz52_7.62x25_p_descr,0.10,0,1500,0,,,,,,,1,0,0%,0%,0%,0%,0%,0%,0,0,0
mag_cz75_9x18_alt,st_mag_cz75_9x18_fmj,st_mag_cz75_9x18_fmj_descr,0.10,0,1500,0,,,,,,,1,0,0%,0%,0%,0%,0%,0%,0,0,0
mag_cz75_9x19_default,st_mag_cz75_9x19_fmj,st_mag_cz75_9x19_fmj_descr,0.10,0,1500,0,,,,,,,1,0,0%,0%,0%,0%,0%,0%,0,0,0
mag_deserteagal_default,st_mag_desert_eagle_357_hp,st_mag_desert_eagle_357_hp_descr,0.20,0,6500,0,,,,,,,1,0,0%,0%,0%,0%,0%,0%,0,0,0
mag_dvl_338fed,st_mag_dvl_338,st_mag_dvl_338fed_descr,0.50,0,8500,0,,,,,,,1,0,0%,0%,0%,0%,0%,0%,0,0,0
mag_dvl_7.62x51,st_mag_dvl_7.62x51,st_mag_dvl_7.62x51_descr,0.25,0,6500,0,,,,,,,1,0,0%,0%,0%,0%,0%,0%,0,0,0
mag_fn57_default,st_mag_fn57_5.7x28_ss190,st_mag_fn57_5.7x28_ss190_descr,0.06,0,2500,0,,,,,,,1,0,0%,0%,0%,0%,0%,0%,0,0,0
mag_fnp45_default,st_mag_fnp45_11.43x23_fmj,st_mag_fnp45_11.43x23_fmj_descr,0.10,0,2500,0,,,,,,,1,0,0%,0%,0%,0%,0%,0%,0,0,0
mag_fnx45_default,st_mag_fnx45_11.43x23_fmj,st_mag_fnx45_11.43x23_fmj_descr,0.10,0,2500,0,,,,,,,1,0,0%,0%,0%,0%,0%,0%,0,0,0
mag_fort_9x18_default,st_mag_fort_9x18_fmj,st_mag_fort_9x18_fmj_descr,0.16,0,1500,0,,,,,,,1,0,0%,0%,0%,0%,0%,0%,0,0,0
mag_fort_9x19_alt,st_mag_fort_9x19_fmj,st_mag_fort_9x19_fmj_descr,0.16,0,1500,0,,,,,,,1,0,0%,0%,0%,0%,0%,0%,0,0,0
mag_frasier_11.43x23_default,st_mag_mp5_11.43x23_fmj,st_mag_mp5_11.43x23_fmj_descr,0.19,0,2500,0,,,,,,,1,0,0%,0%,0%,0%,0%,0%,0,0,0
mag_g36_5.56x45_default,st_mag_g36_5.56x45,st_mag_g36_5.56x45_descr,0.13,0,2500,0,,,,,,,1,0,0%,0%,0%,0%,0%,0%,0,0,0
mag_g43_7.92x33_default,st_mag_g43_7.92x33,st_mag_g43_7.92x33_descr,0.23,0,3500,0,,,,,,,1,0,0%,0%,0%,0%,0%,0%,0,0,0
mag_galil_7.62x51_default,st_mag_galil_7.62x51,st_mag_galil_7.62x51_descr,0.30,0,5500,0,,,,,,,1,0,0%,0%,0%,0%,0%,0%,0,0,0
mag_galil_7.62x54_7h1_default,st_mag_galil_7.62x54_7h1,st_mag_galil_7.62x54_7h1_descr,0.40,0,2335,0,,,,,,,1,0,0%,0%,0%,0%,0%,0%,0,0,0
mag_glock_9x18_alt,st_mag_glock_9x18_fmj,st_mag_glock_9x18_fmj_descr,0.09,0,1500,0,,,,,,,1,0,0%,0%,0%,0%,0%,0%,0,0,0
mag_glock_9x19_default,st_mag_glock_9x19_fmj,st_mag_glock_9x19_fmj_descr,0.09,0,1500,0,,,,,,,1,0,0%,0%,0%,0%,0%,0%,0,0,0
mag_grot,st_mag_grot,st_mag_grot_descr,0.11,0,4250,0,,,,,,,1,0,0%,0%,0%,0%,0%,0%,0,0,0
mag_gsh18_9x19_default,st_mag_gsh18_9x19_fmj,st_mag_gsh18_9x19_fmj_descr,0.10,0,1500,0,,,,,,,1,0,0%,0%,0%,0%,0%,0%,0,0,0
mag_hinge_7.62x51_default,st_mag_hinge_7.62x51,st_mag_hinge_7.62x51_descr,0.23,0,4500,0,,,,,,,1,0,0%,0%,0%,0%,0%,0%,0,0,0
mag_hinge_7.62x51_extended,st_mag_hinge_ext_7.62x51,st_mag_hinge_ext_7.62x51_descr,0.33,0,7500,0,,,,,,,1,0,0%,0%,0%,0%,0%,0%,0,0,0
mag_hk21_7.62x51_default,st_mag_hk21_7.62x51,st_mag_hk21_7.62x51_descr,0.58,0,22500,0,,,,,,,1,0,0%,0%,0%,0%,0%,0%,0,0,0
mag_hpsa_9x18_alt,st_mag_hpsa_9x18_fmj,st_mag_hpsa_9x18_fmj_descr,0.09,0,2500,0,,,,,,,1,0,0%,0%,0%,0%,0%,0%,0,0,0
mag_hpsa_9x19_default,st_mag_hpsa_9x19_fmj,st_mag_hpsa_9x19_fmj_descr,0.09,0,1500,0,,,,,,,1,0,0%,0%,0%,0%,0%,0%,0,0,0
mag_k98_7.62x51,st_mag_k98_7.62x51,st_mag_k98_7.62x51_descr,0.30,0,5500,0,,,,,,,1,0,0%,0%,0%,0%,0%,0%,0,0,0
mag_k98_7.62x54,st_mag_k98_7.62x54,st_mag_k98_7.62x54_descr,0.30,0,5500,0,,,,,,,1,0,0%,0%,0%,0%,0%,0%,0,0,0
mag_k98_7.92x33,st_mag_k98_7.92x33,st_mag_k98_7.92x33_descr,0.30,0,5500,0,,,,,,,1,0,0%,0%,0%,0%,0%,0%,0,0,0
mag_kiparis_9x18_50,st_mag_baskiparis_9x18_81,st_mag_baskiparis_9x18_81_descr,0.55,0,8500,0,,,,,,,1,0,0%,0%,0%,0%,0%,0%,0,0,0
mag_kiparis_9x18_default,st_mag_kiparis_9x18_fmj,st_mag_kiparis_9x18_fmj_descr,0.17,0,3500,0,,,,,,,1,0,0%,0%,0%,0%,0%,0%,0,0,0
mag_kiparis_9x19_50,st_mag_baskiparis_9x19_81,st_mag_baskiparis_9x19_81_descr,0.55,0,2500,0,,,,,,,1,0,0%,0%,0%,0%,0%,0%,0,0,0
mag_kiparis_9x19_alt,st_mag_kiparis_9x19_fmj,st_mag_kiparis_9x19_fmj_descr,0.17,0,2500,0,,,,,,,1,0,0%,0%,0%,0%,0%,0%,0,0,0
mag_kriss_11.43x23_default,mag_kriss45,mag_kriss45_descr,0.15,0,2500,0,,,,,,,1,0,0%,0%,0%,0%,0%,0%,0,0,0
mag_kriss_11.43x23_ext,ext_mag_kriss_drum,ext_mag_kriss_drum_descr,0.27,0,2500,0,,,,,,,1,0,0%,0%,0%,0%,0%,0%,0,0,0
mag_kriss_9x19_default,mag_kriss9,mag_kriss9_descr,0.15,0,2500,0,,,,,,,1,0,0%,0%,0%,0%,0%,0%,0,0,0
mag_kriss_9x19_ext,ext_mag_kriss9_drum,ext_mag_kriss9_drum_descr,0.27,0,2500,0,,,,,,,1,0,0%,0%,0%,0%,0%,0%,0,0,0
mag_l96a1_7.62x51_default,st_mag_l96a1_7.62x51,st_mag_l96a1_7.62x51_descr,0.16,0,6500,0,,,,,,,1,0,0%,0%,0%,0%,0%,0%,0,0,0
mag_lancer,st_mag_lancer,st_mag_lancer_descr,0.18,0,6500,0,,,,,,,1,0,0%,0%,0%,0%,0%,0%,0,0,0
mag_legion_9x19,st_mag_ppp_sig_9x19_fmj,st_mag_ppp_sig_9x19_fmj_descr,0.07,0,1500,0,,,,,,,1,0,0%,0%,0%,0%,0%,0%,0,0,0
mag_m1a1_11.43x23_default,st_mag_m1a1_11.43x23_fmj,st_mag_m1a1_11.43x23_fmj_descr,0.45,0,2500,0,,,,,,,1,0,0%,0%,0%,0%,0%,0%,0,0,0
mag_m249_5.56x45_default,st_mag_m249_5.56x45,st_mag_m249_5.56x45_descr,0.50,0,2500,0,,,,,,,1,0,0%,0%,0%,0%,0%,0%,0,0,0
mag_m82_12.7x55_default,st_mag_m82_12.7x55,st_mag_m82_12.7x55_descr,0.77,0,5500,0,,,,,,,1,0,0%,0%,0%,0%,0%,0%,0,0,0
mag_m98b_300_default,st_mag_m98b_magnum_300,st_mag_m98b_magnum_300_descr,0.20,0,8500,0,,,,,,,1,0,0%,0%,0%,0%,0%,0%,0,0,0
mag_mac10_9x18_alt,st_mag_mac10_9x18_standard,st_mag_mac10_9x18_standard_descr,0.25,0,3500,0,,,,,,,1,0,0%,0%,0%,0%,0%,0%,0,0,0
mag_mac10_9x18_ext_alt,st_mag_mac10_9x18_ext,st_mag_mac10_9x18_ext_descr,0.37,0,6500,0,,,,,,,1,0,0%,0%,0%,0%,0%,0%,0,0,0
mag_mac10_9x19_ext,st_mag_mac10_9x19_ext,st_mag_mac10_9x19_ext_descr,0.37,0,6500,0,,,,,,,1,0,0%,0%,0%,0%,0%,0%,0,0,0
mag_mac10_9x19_standard,st_mag_mac10_9x19_standard,st_mag_mac10_9x19_standard_descr,0.25,0,3500,0,,,,,,,1,0,0%,0%,0%,0%,0%,0%,0,0,0
mag_mk23_45,st_mag_ppp_mk23_45,st_mag_ppp_mk23_45_descr,0.12,0,4500,0,,,,,,,1,0,0%,0%,0%,0%,0%,0%,0,0,0
mag_mp443_9x18_alt,st_mag_mp443_9x18_fmj,st_mag_mp443_9x18_fmj_descr,0.10,0,1500,0,,,,,,,1,0,0%,0%,0%,0%,0%,0%,0,0,0
mag_mp443_9x19_default,st_mag_mp443_9x19_fmj,st_mag_mp443_9x19_fmj_descr,0.10,0,1500,0,,,,,,,1,0,0%,0%,0%,0%,0%,0%,0,0,0
mag_mp5_9x18_alt,st_mag_mp5_9x18_fmj,st_mag_mp5_9x18_fmj_descr,0.17,0,4000,0,,,,,,,1,0,0%,0%,0%,0%,0%,0%,0,0,0
mag_mp5_9x18_extended,st_mag_mp5_9x18_fmjext,st_mag_mp5_9x18_fmjext_descr,0.14,0,7500,0,,,,,,,1,0,0%,0%,0%,0%,0%,0%,0,0,0
mag_mp5_9x18_extended50,st_mag_mp5_9x18_fmjext50,st_mag_mp5_9x18_fmjext50_descr,0.45,0,12500,0,,,,,,,1,0,0%,0%,0%,0%,0%,0%,0,0,0
mag_mp5_9x19_default,st_mag_mp5_9x19_fmj,st_mag_mp5_9x19_fmj_descr,0.14,0,4000,0,,,,,,,1,0,0%,0%,0%,0%,0%,0%,0,0,0
mag_mp5_9x19_extended,st_mag_mp5_9x19_fmjext,st_mag_mp5_9x19_fmjext_descr,0.17,0,7500,0,,,,,,,1,0,0%,0%,0%,0%,0%,0%,0,0,0
mag_mp5_9x19_extended50,st_mag_mp5_9x19_fmjext50,st_mag_mp5_9x19_fmjext50_descr,0.45,0,12500,0,,,,,,,1,0,0%,0%,0%,0%,0%,0%,0,0,0
mag_mp7_5.7x28_default,st_mag_mp7_5.7x28_ss190,st_mag_mp7_5.7x28_ss190_descr,0.23,0,5500,0,,,,,,,1,0,0%,0%,0%,0%,0%,0%,0,0,0
mag_mp7_5.7x28_small,st_mag_mp7_5.7x28_short,st_mag_mp7_5.7x28_short_descr,0.18,0,3500,0,,,,,,,1,0,0%,0%,0%,0%,0%,0%,0,0,0
mag_mp7_9x18_alt,st_mag_mp7_9x18_fmj,st_mag_mp7_9x18_fmj_descr,0.25,0,1754,0,,,,,,,1,0,0%,0%,0%,0%,0%,0%,0,0,0
mag_mp7_9x19_default,st_mag_mp7_9x19_fmj,st_mag_mp7_9x19_fmj_descr,0.25,0,1754,0,,,,,,,1,0,0%,0%,0%,0%,0%,0%,0,0,0
mag_mp9iwp,st_mag_mp9iwp,st_mag_mp9iwp_descr,0.08,0,4000,0,,,,,,,1,0,0%,0%,0%,0%,0%,0%,0,0,0
mag_mp9iwp_9x18,st_mag_mp9iwp_9x18,st_mag_mp9iwp_9x18_descr,0.08,0,4000,0,,,,,,,1,0,0%,0%,0%,0%,0%,0%,0,0,0
mag_mp9iwp_9x18_ext,st_mag_mp9iwp_9x18_ext,st_mag_mp9iwp_9x18_ext_descr,0.15,0,7500,0,,,,,,,1,0,0%,0%,0%,0%,0%,0%,0,0,0
mag_mp9iwp_ext,st_mag_mp9iwp_ext,st_mag_mp9iwp_ext_descr,0.15,0,7500,0,,,,,,,1,0,0%,0%,0%,0%,0%,0%,0,0,0
mag_nato_5.45x39_alt,st_mag_nato_5.45x39,st_mag_nato_5.45x39_descr,0.12,0,2500,0,,,,,,,1,0,0%,0%,0%,0%,0%,0%,0,0,0
mag_nato_5.56x45_casket,st_mag_nato_5.56x45_casket,st_mag_nato_5.56x45_casket_descr,0.18,0,7500,0,,,,,,,1,0,0%,0%,0%,0%,0%,0%,0,0,0
mag_nato_5.56x45_default,st_mag_stanag,st_mag_stanag_descr,0.12,0,2500,0,,,,,,,1,0,0%,0%,0%,0%,0%,0%,0,0,0
mag_nato_5.56x45_drum,st_mag_nato_5.56x45_drum,st_mag_nato_5.56x45_drum_descr,0.58,0,7500,0,,,,,,,1,0,0%,0%,0%,0%,0%,0%,0,0,0
mag_nato_5.56x45_drum_ext,st_mag_nato_5.56x45_drum_ext,st_mag_nato_5.56x45_drum_ext_descr,1.01,0,21500,0,,,,,,,1,0,0%,0%,0%,0%,0%,0%,0,0,0
mag_nato_5.56x45_extended,st_mag_nato_5.56x45_extended,st_mag_nato_5.56x45_extended_descr,0.20,0,5200,0,,,,,,,1,0,0%,0%,0%,0%,0%,0%,0,0,0
mag_nato_5.56x45_fast,st_mag_nato_5.56x45_fast,st_mag_nato_5.56x45_fast_descr,0.13,0,4250,0,,,,,,,1,0,0%,0%,0%,0%,0%,0%,0,0,0
mag_nato_5.56x45_short,st_mag_stanag_short,st_mag_stanag_short_descr,0.14,0,2500,0,,,,,,,1,0,0%,0%,0%,0%,0%,0%,0,0,0
mag_oc_9x18_default,st_mag_oc33_9x18_fmj,st_mag_oc33_9x18_fmj_descr,0.16,0,3500,0,,,,,,,1,0,0%,0%,0%,0%,0%,0%,0,0,0
mag_oc_9x19_alt,st_mag_oc33_9x19_fmj,st_mag_oc33_9x19_fmj_descr,0.16,0,3250,0,,,,,,,1,0,0%,0%,0%,0%,0%,0%,0,0,0
mag_ots_9x39_default,st_mag_groza_9x39_pab9,st_mag_groza_9x39_pab9_descr,0.22,0,6500,0,,,,,,,1,0,0%,0%,0%,0%,0%,0%,0,0,0
mag_p220_9x19_u2p2bas,st_mag_p220_9x19_u2p2bas,st_mag_p220_9x19_u2p2bas_descr,0.22,0,1750,0,,,,,,,1,0,0%,0%,0%,0%,0%,0%,0,0,0
mag_p90_5.7x28_default,st_mag_p90_5.7x28_ss190,st_mag_p90_5.7x28_ss190_descr,0.14,0,5500,0,,,,,,,1,0,0%,0%,0%,0%,0%,0%,0,0,0
mag_p90_5.7x28_ext,st_mag_p90_ext,st_mag_p90_ext_descr,0.32,0,15000,0,,,,,,,1,0,0%,0%,0%,0%,0%,0%,0,0,0
mag_pkp_pkm_default,st_mag_pkm_pkm,st_mag_pkm_pkm_descr,0.90,0,18500,0,,,,,,,1,0,0%,0%,0%,0%,0%,0%,0,0,0
mag_pm_9x18_default,st_mag_pm_9x18_fmj,st_mag_pm_9x18_fmj_descr,0.08,0,1500,0,,,,,,,1,0,0%,0%,0%,0%,0%,0%,0,0,0
mag_pm_9x19_alt,st_mag_pm_9x19_fmj,st_mag_pm_9x19_fmj_descr,0.08,0,1500,0,,,,,,,1,0,0%,0%,0%,0%,0%,0%,0,0,0
mag_pmm_9x18_default,st_mag_pmm_9x18_fmj,st_mag_pmm_9x18_fmj_descr,0.10,0,1500,0,,,,,,,1,0,0%,0%,0%,0%,0%,0%,0,0,0
mag_pmm_9x19_alt,st_mag_pmm_9x19_fmj,st_mag_pmm_9x19_fmj_descr,0.10,0,2150,0,,,,,,,1,0,0%,0%,0%,0%,0%,0%,0,0,0
mag_pp2000_9x18_alt,st_mag_pp2000_9x18_fmj,st_mag_pp2000_9x18_fmj_descr,0.11,0,3500,0,,,,,,,1,0,0%,0%,0%,0%,0%,0%,0,0,0
mag_pp2000_9x18_ext_alt,st_mag_pp2000_9x18_ext,st_mag_pp2000_9x18_ext_descr,0.21,0,6250,0,,,,,,,1,0,0%,0%,0%,0%,0%,0%,0,0,0
mag_pp2000_9x19_default,st_mag_pp2000_9x19_fmj,st_mag_pp2000_9x19_fmj_descr,0.11,0,3500,0,,,,,,,1,0,0%,0%,0%,0%,0%,0%,0,0,0
mag_pp2000_9x19_ext,st_mag_pp2000_9x19_ext,st_mag_pp2000_9x19_ext_descr,0.21,0,6250,0,,,,,,,1,0,0%,0%,0%,0%,0%,0%,0,0,0
mag_ppp_glock_45_default,st_ppp_glock_45_fmj,st_ppp_glock_45_fmj_descr,0.09,0,487,0,,,,,,,1,0,0%,0%,0%,0%,0%,0%,0,0,0
mag_ppsh_7.62x25_default,st_mag_ppsh41_7.62x25_p,st_mag_ppsh41_7.62x25_p_descr,1.02,0,4500,0,,,,,,,1,0,0%,0%,0%,0%,0%,0%,0,0,0
mag_ppsh_7.62x25_stick,st_mag_ppsh41_7.62x25_stick,st_mag_ppsh41_7.62x25_stick_descr,0.23,0,2500,0,,,,,,,1,0,0%,0%,0%,0%,0%,0%,0,0,0
mag_px4_45_default,st_mag_ppp_px4_45,st_mag_ppp_px4_45_descr,0.10,0,1500,0,,,,,,,1,0,0%,0%,0%,0%,0%,0%,0,0,0
mag_px4_9x19_default,st_mag_ppp_px4_9x19_fmj,st_mag_ppp_px4_9x19_fmj_descr,0.16,0,1500,0,,,,,,,1,0,0%,0%,0%,0%,0%,0%,0,0,0
mag_raptr_12x76_default,mag_raptr,mag_raptr_descr,0.80,0,2500,0,,,,,,,1,0,0%,0%,0%,0%,0%,0%,0,0,0
mag_rem_7.62x51_default,st_mag_remington700_7.62x51,st_mag_remington700_7.62x51_descr,0.11,0,5000,0,,,,,,,1,0,0%,0%,0%,0%,0%,0%,0,0,0
mag_remington700_7.62x51,st_mag_basremington700_7.62x51,st_mag_basremington700_7.62x51_descr,0.20,0,7500,0,,,,,,,1,0,0%,0%,0%,0%,0%,0%,0,0,0
mag_remingtonarchangel_7.62x51,st_mag_remingtonarchangel_7.62x51,st_mag_remingtonarchangel_7.62x51_descr,0.23,0,11250,0,,,,,,,1,0,0%,0%,0%,0%,0%,0%,0,0,0
mag_remingtonla_300,st_mag_remingtonla_300,st_mag_remingtonla_300_descr,0.30,0,8250,0,,,,,,,1,0,0%,0%,0%,0%,0%,0%,0,0,0
mag_remingtonla_300_gamma,st_mag_remingtonla_300,st_mag_remingtonla_300_descr,0.30,0,8250,0,,,,,,,1,0,0%,0%,0%,0%,0%,0%,0,0,0
mag_rpd_7.62x39_default,st_mag_rpd_7.62x39,st_mag_rpd_7.62x39_descr,0.90,0,17500,0,,,,,,,1,0,0%,0%,0%,0%,0%,0%,0,0,0
mag_rpk_5.45x39_default,st_mag_rpk74_5.45x39,st_mag_rpk74_5.45x39_descr,0.30,0,5000,0,,,,,,,1,0,0%,0%,0%,0%,0%,0%,0,0,0
mag_rpk_5.56x45_default,st_mag_rpk74_5.56x45,st_mag_rpk74_5.56x45_descr,0.30,0,5000,0,,,,,,,1,0,0%,0%,0%,0%,0%,0%,0,0,0
mag_rpk_7.62x39_default,st_mag_rpk_7.62x39,st_mag_rpk_7.62x39_descr,0.46,0,6250,0,,,,,,,1,0,0%,0%,0%,0%,0%,0%,0,0,0
mag_rxp_45,st_mag_ppp_signimble_45_fmj,st_mag_ppp_signimble_45_fmj_descr,0.07,0,370,0,,,,,,,1,0,0%,0%,0%,0%,0%,0%,0,0,0
mag_rxp_9x19,st_mag_ppp_signimble_9x19_fmj,st_mag_ppp_signimble_9x19_fmj_descr,0.07,0,1500,0,,,,,,,1,0,0%,0%,0%,0%,0%,0%,0,0,0
mag_saiga12_drum,st_mag_saiga12_drum,st_mag_saiga12_drum_descr,1.30,0,15000,0,,,,,,,1,0,0%,0%,0%,0%,0%,0%,0,0,0
mag_saiga12s_12x70_default,st_mag_saiga12s_12x70,st_mag_saiga12s_12x70_descr,0.21,0,2500,0,,,,,,,1,0,0%,0%,0%,0%,0%,0%,0,0,0
mag_saiga12s_12x70_extended,st_mag_saiga12s_ext_12x70,st_mag_saiga12s_ext_12x70_descr,0.21,0,7500,0,,,,,,,1,0,0%,0%,0%,0%,0%,0%,0,0,0
mag_sig_5.56x45_default,st_mag_sig550_5.56x45,st_mag_sig550_5.56x45_descr,0.11,0,2500,0,,,,,,,1,0,0%,0%,0%,0%,0%,0%,0,0,0
mag_sig_5.56x45_sniper,st_mag_sig550_sniper_5.56x45,st_mag_sig550_sniper_5.56x45_descr,0.11,0,2000,0,,,,,,,1,0,0%,0%,0%,0%,0%,0%,0,0,0
mag_sigp220_default,st_mag_sigp220_11.43x23_fmj,st_mag_sigp220_11.43x23_fmj_descr,0.08,0,2500,0,,,,,,,1,0,0%,0%,0%,0%,0%,0%,0,0,0
mag_sigp220_extended,st_mag_sigp220_11.43x23_fmjext,st_mag_sigp220_11.43x23_fmjext_descr,0.12,0,7500,0,,,,,,,1,0,0%,0%,0%,0%,0%,0%,0,0,0
mag_sks_7.62x39,st_mag_sks_7.62x39,st_mag_sks_7.62x39_descr,0.15,0,6500,0,,,,,,,1,0,0%,0%,0%,0%,0%,0%,0,0,0
mag_sks_7.62x39_extended,st_mag_sksext_7.62x39,st_mag_sksext_7.62x39_descr,0.28,0,12500,0,,,,,,,1,0,0%,0%,0%,0%,0%,0%,0,0,0
mag_sks_7.62x54,st_mag_sks_7.62x54,st_mag_sks_7.62x54_descr,0.15,0,6500,0,,,,,,,1,0,0%,0%,0%,0%,0%,0%,0,0,0
mag_sks_7.62x54_extended,st_mag_sks_7.62x54ext,st_mag_sks_7.62x54ext_descr,0.28,0,12500,0,,,,,,,1,0,0%,0%,0%,0%,0%,0%,0,0,0
mag_sr1m_9x21_default,st_mag_sr1m_9x21,st_mag_sr1m_9x21_descr,0.09,0,1900,0,,,,,,,1,0,0%,0%,0%,0%,0%,0%,0,0,0
mag_sr1m_9x21_extended,st_mag_sr1m_9x21ext,st_mag_sr1m_9x21ext_descr,0.14,0,3500,0,,,,,,,1,0,0%,0%,0%,0%,0%,0%,0,0,0
mag_sr2m_9x18_veresk,st_mag_sr2m_9x18_veresk,st_mag_sr2m_9x18_veresk_descr,0.14,0,1254,0,,,,,,,1,0,0%,0%,0%,0%,0%,0%,0,0,0
mag_sr2m_9x21_veresk,st_mag_sr2m_9x21_veresk,st_mag_sr2m_9x21_veresk_descr,0.15,0,6500,0,,,,,,,1,0,0%,0%,0%,0%,0%,0%,0,0,0
mag_stanag_7.62x51_default,st_mag_stanag_7.62x51,st_mag_stanag_7.62x51_descr,0.23,0,4525,0,,,,,,,1,0,0%,0%,0%,0%,0%,0%,0,0,0
mag_stanag_7.62x51_extended,st_mag_stanag_7.62x51_ext,st_mag_stanag_7.62x51_ext_descr,0.30,0,8750,0,,,,,,,1,0,0%,0%,0%,0%,0%,0%,0,0,0
mag_stanag_7.62x51_fast,st_mag_stanag_fast_7.62x51,st_mag_stanag_fast_7.62x51_descr,0.17,0,5250,0,,,,,,,1,0,0%,0%,0%,0%,0%,0%,0,0,0
mag_stanag_7.62x51_short,st_mag_stanag_7.62x51_short,st_mag_stanag_7.62x51_short_descr,0.09,0,4050,0,,,,,,,1,0,0%,0%,0%,0%,0%,0%,0,0,0
mag_steyr_556,st_mag_steyr_556,st_mag_steyr_556_descr,0.18,0,2500,0,,,,,,,1,0,0%,0%,0%,0%,0%,0%,0,0,0
mag_steyr_762,st_mag_steyr_762,st_mag_steyr_762_descr,0.11,0,6500,0,,,,,,,1,0,0%,0%,0%,0%,0%,0%,0,0,0
mag_sv98_7.62x54_default,st_mag_sv98_7.62x54,st_mag_sv98_7.62x54_descr,0.15,0,6500,0,,,,,,,1,0,0%,0%,0%,0%,0%,0%,0,0,0
mag_svd_7.62x54_default,st_mag_svd_7.62x54,st_mag_svd_7.62x54_descr,0.30,0,6500,0,,,,,,,1,0,0%,0%,0%,0%,0%,0%,0,0,0
mag_svd_7.62x54_extended,st_mag_svd_7.62x54_extended,st_mag_svd_7.62x54_extended_descr,0.45,0,12500,0,,,,,,,1,0,0%,0%,0%,0%,0%,0%,0,0,0
mag_svi_45,st_mag_ppp_svi_45,st_mag_ppp_svi_45_descr,0.16,0,1330,0,,,,,,,1,0,0%,0%,0%,0%,0%,0%,0,0,0
mag_svt_7.62x39_alt,st_mag_svt40_7.62x39,st_mag_svt40_7.62x39_descr,0.20,0,4500,0,,,,,,,1,0,0%,0%,0%,0%,0%,0%,0,0,0
mag_svt_7.62x54_default,st_mag_svt40_7.62x54,st_mag_svt40_7.62x54_descr,0.28,0,4500,0,,,,,,,1,0,0%,0%,0%,0%,0%,0%,0,0,0
mag_sw_45_default,st_ppp_sw_45_fmj,st_ppp_sw_45_fmj_descr,0.16,0,330,0,,,,,,,1,0,0%,0%,0%,0%,0%,0%,0,0,0
mag_sw_919_default,st_ppp_sw_919_fmj,st_ppp_sw_919_fmj_descr,0.16,0,330,0,,,,,,,1,0,0%,0%,0%,0%,0%,0%,0,0,0
mag_t63_7.62x39_default,st_mag_type63_7.62x39,st_mag_type63_7.62x39_descr,0.23,0,3500,0,,,,,,,1,0,0%,0%,0%,0%,0%,0%,0,0,0
mag_t63_7.62x54_alt,st_mag_type63_7.62x54,st_mag_type63_7.62x54_descr,0.23,0,3500,0,,,,,,,1,0,0%,0%,0%,0%,0%,0%,0,0,0
mag_tt33_7.62x25_default,st_mag_tt33_7.62x25_p,st_mag_tt33_7.62x25_p_descr,0.10,0,1500,0,,,,,,,1,0,0%,0%,0%,0%,0%,0%,0,0,0
mag_tt33_7.62x25_ext,st_mag_tt33_7.62x25_p,st_mag_tt33_7.62x25_p_descr,0.21,0,2500,0,,,,,,,1,0,0%,0%,0%,0%,0%,0%,0,0,0
mag_ump45_11.43x23_default,st_mag_ump45_11.43x23_fmj,st_mag_ump45_11.43x23_fmj_descr,0.17,0,2500,0,,,,,,,1,0,0%,0%,0%,0%,0%,0%,0,0,0
mag_usas12_12x70_default,st_mag_usas12_12x70,st_mag_usas12_12x70_descr,0.75,0,2500,0,,,,,,,1,0,0%,0%,0%,0%,0%,0%,0,0,0
mag_usp_11.43x23_default,st_mag_usp_11.43x23_fmj,st_mag_usp_11.43x23_fmj_descr,0.10,0,2500,0,,,,,,,1,0,0%,0%,0%,0%,0%,0%,0,0,0
mag_usptac_9x19,st_mag_usptac_9x19_fmj,st_mag_usptac_9x19_fmj_descr,0.08,0,1500,0,,,,,,,1,0,0%,0%,0%,0%,0%,0%,0,0,0
mag_usptac_9x19_extended,st_mag_usptac_9x19_fmjext,st_mag_usptac_9x19_fmjext_descr,0.13,0,3500,0,,,,,,,1,0,0%,0%,0%,0%,0%,0%,0,0,0
mag_uzi_9x19_default,st_mag_uzi_9x19,st_mag_uzi_9x19_descr,0.32,0,3250,0,,,,,,,1,0,0%,0%,0%,0%,0%,0%,0,0,0
mag_uzi_9x19_extended,st_mag_uzi_9x19_extended,st_mag_uzi_9x19_extended_descr,0.45,0,5500,0,,,,,,,1,0,0%,0%,0%,0%,0%,0%,0,0,0
mag_val_9x39_default,st_mag_val_9x39_pab9,st_mag_val_9x39_pab9_descr,0.22,0,6500,0,,,,,,,1,0,0%,0%,0%,0%,0%,0%,0,0,0
mag_vepr_12x70_compact,st_mag_vepr_compact_12x70,st_mag_vepr_compact_12x70_descr,0.12,0,2500,0,,,,,,,1,0,0%,0%,0%,0%,0%,0%,0,0,0
mag_vepr_12x70_default,st_mag_vepr_12x70,st_mag_vepr_12x70_descr,0.21,0,2500,0,,,,,,,1,0,0%,0%,0%,0%,0%,0%,0,0,0
mag_vihr_9x39_default,st_mag_vihr_9x39_pab9,st_mag_vihr_9x39_pab9_descr,0.25,0,12500,0,,,,,,,1,0,0%,0%,0%,0%,0%,0%,0,0,0
mag_vityaz_9x18_alt,st_mag_vityaz_9x18_fmj,st_mag_vityaz_9x18_fmj_descr,0.11,0,3500,0,,,,,,,1,0,0%,0%,0%,0%,0%,0%,0,0,0
mag_vityaz_9x19_default,st_mag_vityaz_9x19_fmj,st_mag_vityaz_9x19_fmj_descr,0.11,0,3500,0,,,,,,,1,0,0%,0%,0%,0%,0%,0%,0,0,0
mag_vsk_12.7x55_default,st_mag_vssk_12.7x55,st_mag_vssk_12.7x55_descr,0.20,0,5500,0,,,,,,,1,0,0%,0%,0%,0%,0%,0%,0,0,0
mag_vsk_9x39_default,st_mag_vsk94_9x39_pab9,st_mag_vsk94_9x39_pab9_descr,0.22,0,6500,0,,,,,,,1,0,0%,0%,0%,0%,0%,0%,0,0,0
mag_vss_9x39_default,st_mag_vintorez_9x39_pab9,st_mag_vintorez_9x39_pab9_descr,0.15,0,4500,0,,,,,,,1,0,0%,0%,0%,0%,0%,0%,0,0,0
mag_vz61_9x18_alt,st_mag_vz61_9x18_fmj,st_mag_vz61_9x18_fmj_descr,0.13,0,2500,0,,,,,,,1,0,0%,0%,0%,0%,0%,0%,0,0,0
mag_vz61_9x19_default,st_mag_vz61_9x19_fmj,st_mag_vz61_9x19_fmj_descr,0.13,0,2500,0,,,,,,,1,0,0%,0%,0%,0%,0%,0%,0,0,0
mag_wa_7.62x51_default,st_mag_wa2000_7.62x51,st_mag_wa2000_7.62x51_descr,0.34,0,6500,0,,,,,,,1,0,0%,0%,0%,0%,0%,0%,0,0,0
mag_wp99_9x19,st_mag_wp99_9x19_fmj,st_mag_wp99_9x19_fmj_descr,0.08,0,1500,0,,,,,,,1,0,0%,0%,0%,0%,0%,0%,0,0,0
mag_wp99_9x19_extended,st_mag_wp99_9x19_fmjext,st_mag_wp99_9x19_fmjext_descr,0.10,0,3500,0,,,,,,,1,0,0%,0%,0%,0%,0%,0%,0,0,0
mag_xd9_9x19_default,st_ppp_xd9_9x19_fmj,st_ppp_xd9_9x19_fmj_descr,0.09,0,1500,0,,,,,,,1,0,0%,0%,0%,0%,0%,0%,0,0,0
