pri_a17_gauss_rifle,wpn_addon_scope
wpn_9a91,wpn_sil_9a91
wpn_ace21,wpn_sil_nato
wpn_ace52,wpn_sil_nato
wpn_adar2_15,wpn_sil_m42k
wpn_aek,wpn_sil_tgp-a,wpn_addon_grenade_launcher
wpn_ak,wpn_sil_pbs1
wpn_ak101,wpn_sil_atg
wpn_ak101_camo,wpn_sil_atg
wpn_ak102,wpn_sil_atg
wpn_ak103,wpn_sil_atg
wpn_ak103_camo,wpn_sil_atg
wpn_ak104,wpn_sil_geks545
wpn_ak104_alfa,wpn_sil_geks545
wpn_ak105,wpn_sil_tgp-a
wpn_ak105_shakal,wpn_sil_geks545
wpn_ak105_sp,wpn_sil_tgp-a
wpn_ak105_swamp,wpn_sil_geks545
wpn_ak12,wpn_sil_geks545,wpn_addon_grenade_launcher
wpn_ak12_custom,wpn_sil_geks545
wpn_ak12_custom_mono_kit,wpn_sil_geks545,wpn_addon_grenade_launcher_monolit
wpn_ak12_m1,wpn_sil_geks545,wpn_addon_grenade_launcher
wpn_ak5c_bas,wpn_sil_nato
wpn_ak5c_bas_5c_tik,wpn_sil_spec_isg
wpn_ak5c_isg,wpn_sil_spec_isg
wpn_ak74,wpn_sil_tgp-a
wpn_ak74_isg,wpn_sil_spec_isg
wpn_ak74_n,wpn_sil_atg
wpn_ak74_pmc,wpn_sil_atg
wpn_ak74m,wpn_sil_tgp-a
wpn_ak74m_beard,wpn_sil_atg
wpn_ak74m_camo,wpn_sil_tgp-a
wpn_ak74m_n,wpn_sil_tgp-a,wpn_addon_grenade_launcher
wpn_ak74u,wpn_sil_pbs4
wpn_ak74u_isg,wpn_sil_spec_isg
wpn_ak74u_m1_isg,wpn_sil_spec_isg
wpn_ak74u_n1,wpn_sil_pbs4
wpn_ak74u_tac,wpn_sil_pbs4
wpn_akm,wpn_sil_pbs1
wpn_akm_alfa,wpn_sil_spec_isg
wpn_akm_bas,wpn_sil_pbs1
wpn_akm_isg,wpn_sil_spec_isg
wpn_akms,wpn_sil_pbs1
wpn_akms_alt,wpn_sil_pbs1
wpn_akms_bas,wpn_sil_pbs1
wpn_aks,wpn_sil_pbs1
wpn_aks74_new,wpn_sil_tgp-a
wpn_am17,wpn_sil_atg
wpn_amb17,wpn_addon_silencer
wpn_aps,wpn_sil_aps
wpn_aps_bas_apsabigo,wpn_sil_apb
wpn_ar15_freedom,wpn_sil_surfire
wpn_ash12_sup,wpn_sil_ash12
wpn_aug,wpn_sil_nato
wpn_aug_a1_bas,wpn_sil_auga
wpn_aug_a1_custom_bas,wpn_sil_auga
wpn_aug_a3,wpn_sil_nato,wpn_addon_grenade_launcher_m203
wpn_aug_a3_bas,wpn_sil_auga
wpn_aug_a3_custom_bas,wpn_sil_auga
wpn_aug_freedom,wpn_sil_9mm
wpn_aug_merc,wpn_sil_nato
wpn_aug_modern,wpn_sil_nato
wpn_benelli_m1014,wpn_sil_salvo
wpn_beretta,wpn_sil_9mm
wpn_beretta_camo,wpn_sil_9mm
wpn_beretta_m9_upgr_kit,wpn_sil_9mm
wpn_bizon,wpn_sil_pbs1
wpn_brn180,wpn_sil_surfire
wpn_colt1911,wpn_sil_45
wpn_colt1911_custom,wpn_sil_45
wpn_colt1911_duty,wpn_sil_45
wpn_colt1911_n,wpn_sil_45
wpn_cz75,wpn_sil_9mm
wpn_dtmdr,wpn_sil_nato
wpn_dtmdr_black,wpn_sil_aac762
wpn_dtmdr_black_sup,wpn_sil_aac762
wpn_dtmdr_sup,wpn_sil_nato
wpn_dvl10_m1,wpn_addon_silencer
wpn_eft_rsh12,wpn_sil_ash12
wpn_fal,wpn_sil_nato
wpn_fal_aus,wpn_sil_aac762
wpn_fal_sa58_osw,wpn_sil_aac762
wpn_famas3,wpn_sil_nato
wpn_fn2000,wpn_sil_nato,wpn_addon_grenade_launcher_m203
wpn_fn2000_camo,wpn_sil_nato
wpn_fn2000_custom,wpn_sil_nato,wpn_addon_grenade_launcher_m203
wpn_fn2000_nimble,wpn_sil_nato,wpn_addon_grenade_launcher_m203
wpn_fn57,wpn_sil_57
wpn_fnc,wpn_sil_nato
wpn_fnp45,wpn_sil_gemtech
wpn_fnx45,wpn_sil_gemtech
wpn_fnx45_custom,wpn_sil_gemtech
wpn_fort,wpn_sil_9mm
wpn_fort17,wpn_sil_9mm
wpn_fort_snag,wpn_sil_9mm
wpn_g3,wpn_sil_nato
wpn_g36,wpn_sil_nato
wpn_g36_camo,wpn_sil_nato,wpn_addon_grenade_launcher_m203
wpn_g36k_rwap,wpn_sil_nato
wpn_g36ka4_rwap,wpn_sil_nato,wpn_addon_grenade_launcher_m203
wpn_g36nimble_rwap,wpn_sil_nato,wpn_addon_grenade_launcher_m203
wpn_g36v_rwap,wpn_sil_nato
wpn_g36v_rwap_cut_kit,wpn_sil_nato
wpn_g43,wpn_addon_scope_g43
wpn_gauss,wpn_addon_scope
wpn_gauss_quest,wpn_addon_scope
wpn_glock,wpn_sil_gemtech
wpn_glock17_m1,wpn_sil_osp9
wpn_glock_custom,wpn_sil_gemtech
wpn_glock_modern,wpn_sil_gemtech
wpn_grot,wpn_sil_grot
wpn_grot_short,wpn_sil_grot
wpn_grot_short_tan,wpn_sil_grot
wpn_grot_tan,wpn_sil_grot
wpn_groza,wpn_addon_grenade_launcher
wpn_groza_nimble,wpn_addon_grenade_launcher
wpn_gsh18,wpn_sil_9mm
wpn_gsh18_custom,wpn_sil_9mm
wpn_hk21,wpn_sil_aac762
wpn_hk416,wpn_sil_nato,wpn_addon_grenade_launcher_m203
wpn_hk417,wpn_sil_nato,wpn_addon_grenade_launcher_m203
wpn_howa20,wpn_sil_kac4
wpn_hpsa_226sig_kit,wpn_sil_osp9
wpn_k98_mauser_kit,wpn_sil_forester
wpn_k98_mod_silen98,wpn_sil_forester
wpn_kiparis,wpn_sil_9mm
wpn_kiparis_ots2_upgr_kit,wpn_sil_9mm
wpn_korth_custom,wpn_sil_black_box
wpn_kriss_vector,wpn_sil_45
wpn_ks23_kaban_kab_up,wpn_sil_hex23
wpn_ks23_vorkuta,wpn_sil_hex23
wpn_ksg23,wpn_sil_hex23
wpn_l85,wpn_sil_m42k
wpn_l85_m1,wpn_sil_m42k
wpn_l85_m2,wpn_sil_m42k
wpn_l85_m3,wpn_sil_m42k,wpn_addon_grenade_launcher_l85
wpn_l85_modern,wpn_sil_m42k
wpn_l96a1,wpn_addon_scope
wpn_l96a1m,wpn_addon_scope
wpn_lr300,wpn_sil_m42k,wpn_addon_grenade_launcher_m203
wpn_lr300_camo,wpn_sil_m42k,wpn_addon_grenade_launcher_m203
wpn_m16,wpn_sil_nato,wpn_addon_grenade_launcher_m203
wpn_m16a2,wpn_sil_nato,wpn_addon_grenade_launcher_m203
wpn_m24,wpn_addon_scope
wpn_m249,wpn_sil_nato
wpn_m4,wpn_sil_nato,wpn_addon_grenade_launcher_m203
wpn_m45a1,wpn_sil_45
wpn_m4_butcher,wpn_sil_nato
wpn_m4_ru556,wpn_sil_m42k
wpn_m4_tac,wpn_sil_surfire
wpn_m4a1_camo,wpn_sil_m42k,wpn_addon_grenade_launcher_m203
wpn_m4a1_siber,wpn_sil_m42k,wpn_addon_grenade_launcher_m203
wpn_m82,wpn_addon_scope
wpn_m98b,wpn_addon_scope,wpn_sil_sr25
wpn_mac10,wpn_sil_9mm
wpn_mk14,wpn_sil_nato
wpn_mk47,wpn_sil_aac762
wpn_mk47_sup,wpn_sil_nato
wpn_mosin,wpn_sil_kzrzp
wpn_mp153_m1,wpn_sil_salvo
wpn_mp155,wpn_sil_salvo
wpn_mp443,wpn_sil_9mm
wpn_mp5,wpn_sil_9mm
wpn_mp5_kurtz,wpn_sil_gemtech
wpn_mp5_nimble,wpn_sil_gemtech
wpn_mp5sd,wpn_sil_9mm
wpn_mp7,wpn_sil_57
wpn_mp9,wpn_sil_gemtech
wpn_oc33,wpn_sil_aps
wpn_p90,wpn_sil_57
wpn_p90_gs,wpn_sil_57
wpn_p90gamma,wpn_sil_57
wpn_pb,wpn_sil_6p9
wpn_pb_bas,wpn_sil_6p9
wpn_pb_bas_custom,wpn_sil_6p9
wpn_pkm_zenit_siber,wpn_sil_tgpv
wpn_pkm_zulus,wpn_sil_tgpv
wpn_pkp,wpn_sil_tgpv
wpn_pkp_siber,wpn_sil_tgpv
wpn_pl15,wpn_sil_pl15
wpn_pl15_pl15_scolaz,wpn_sil_pl15
wpn_pl15_tan,wpn_sil_pl15
wpn_pl15_tan_pl15_scolaz,wpn_sil_pl15
wpn_pm,wpn_sil_9mm
wpn_pm_actor,wpn_sil_9mm
wpn_pm_bas_actor,wpn_sil_9mm
wpn_pm_bas_custom,wpn_sil_pmm
wpn_pm_custom,wpn_sil_9mm
wpn_pmm_bas,wpn_sil_pmm
wpn_pp2000,wpn_sil_9mm
wpn_pp2000_operator,wpn_sil_9mm
wpn_raptr,wpn_sil_kek12
wpn_remington700,wpn_sil_daniel
wpn_remington700_archangel,wpn_sil_daniel
wpn_remington700_lapua700,wpn_sil_lapu7
wpn_remington700_magpul_pro,wpn_sil_daniel
wpn_remington700_mod_x_gen3,wpn_sil_daniel
wpn_rpk74,wpn_sil_tgp-a
wpn_rpk74_16,wpn_sil_geks545
wpn_rpk74_16_drum,wpn_sil_tgp-a
wpn_saiga12s,wpn_sil_pbs1
wpn_saiga12s_isg,wpn_sil_salvo
wpn_saiga12s_m1,wpn_sil_kek12
wpn_saiga12s_m2,wpn_sil_salvo
wpn_scar_new,wpn_sil_aac762,wpn_addon_grenade_launcher_scar
wpn_scar_siber,wpn_sil_aac762,wpn_addon_grenade_launcher_scar
wpn_scar_siber_black,wpn_sil_aac762,wpn_addon_grenade_launcher_scar
wpn_scar_siber_m1,wpn_sil_aac762
wpn_scar_siber_m1_black,wpn_sil_aac762
wpn_scar_siber_m2,wpn_sil_aac762
wpn_scar_siber_m2_custom,wpn_sil_aac762
wpn_sig220_n_u2p2g0r,wpn_sil_black_box
wpn_sig220_n_upg220,wpn_sil_black_box
wpn_sig220_u2p2g0r,wpn_sil_black_box
wpn_sig220_upg220,wpn_sil_black_box
wpn_sig226_226sig_kit,wpn_sil_osp9
wpn_sig550,wpn_sil_nato
wpn_sig550_camo,wpn_sil_nato
wpn_sig550_custom,wpn_sil_nato,wpn_addon_grenade_launcher_m203
wpn_sig550_luckygun,wpn_sil_nato,wpn_addon_grenade_launcher_m203
wpn_sig550_sniper,wpn_sil_nato
wpn_sig552,wpn_sil_nato
wpn_sks_b,wpn_sil_geks545
wpn_sks_molot,wpn_sil_geks545
wpn_sks_tac,wpn_sil_hexagon
wpn_spas12,wpn_sil_salvo
wpn_spas12_custom,wpn_sil_salvo
wpn_spas12_nimble,wpn_sil_salvo
wpn_sr1m_gurza_up,wpn_sil_sr1m
wpn_sr1m_sr1upgr1,wpn_sil_sr1m
wpn_sr25,wpn_sil_sr25
wpn_sr2_m1,wpn_sil_veresk
wpn_sr2_veresk,wpn_sil_veresk
wpn_sr2_veresk_sr2_upkit,wpn_sil_veresk
wpn_steyr_scout,wpn_sil_surfire
wpn_steyr_scout_big,wpn_sil_daniel
wpn_sv98,wpn_sil_kzrzp
wpn_sv98_custom,wpn_sil_kzrzp
wpn_svd,wpn_sil_kzrzp
wpn_svd_m1,wpn_sil_kzrzp
wpn_svd_nimble,wpn_sil_kzrzp
wpn_svds,wpn_sil_tgpv
wpn_svds_pmc,wpn_sil_rotor
wpn_trg,wpn_sil_lapu7
wpn_tt33,wpn_sil_9mm
wpn_tt33_modern,wpn_sil_9mm
wpn_tt33_modern_tt_upgr_kit,wpn_sil_9mm
wpn_tt33_tt_upgr_kit,wpn_sil_9mm
wpn_udp9,wpn_sil_gemtech
wpn_ump45,wpn_sil_gemtech
wpn_ump45_custom,wpn_sil_gemtech
wpn_usas12,wpn_sil_kek12
wpn_usp,wpn_sil_black_box
wpn_usp_tac,wpn_sil_black_box
wpn_usp_tac_45,wpn_sil_black_box
wpn_uzi,wpn_sil_9mm
wpn_uzi_micro,wpn_sil_9mm
wpn_uzi_mini,wpn_sil_9mm
wpn_val,wpn_addon_silencer
wpn_val_modern,wpn_addon_silencer
wpn_val_tac,wpn_addon_silencer
wpn_vepr,wpn_sil_kek12
wpn_vihr,wpn_sil_vihr
wpn_vintorez,wpn_addon_silencer
wpn_vintorez_isg,wpn_addon_silencer,wpn_addon_grenade_launcher_monolit
wpn_vintorez_m1,wpn_addon_silencer
wpn_vintorez_m2,wpn_addon_silencer
wpn_vintorez_n1,wpn_addon_silencer
wpn_vintorez_nimble,wpn_addon_silencer
wpn_vityaz,wpn_sil_pbs1
wpn_vityaz_vitup,wpn_sil_pbs1
wpn_vsk94,wpn_sil_9a91
wpn_vssk,sil_kzrzp
wpn_vz61,wpn_sil_9mm
wpn_vz61_alt,wpn_sil_9mm
wpn_wa2000,wpn_addon_scope
wpn_walther_mod9,wpn_sil_gemtech
wpn_walther_p99_mod9,wpn_sil_gemtech
wpn_xm4,wpn_sil_nato
wpn_xm4_admin,wpn_sil_nato
wpn_xm4_bd,wpn_sil_nato
wpn_xm8,wpn_sil_nato
